STAT,RANK,PLAYER_ID,PLAYER_NAME,TOTAL,ACTIVE
PTS,1,,LeBron James,43394,FALSE
PTS,2,,Kareem Abdul-Jabbar,38387,FALSE
PTS,3,,Karl Malone,36928,FALSE
PTS,4,,Kobe Bryant,33643,FALSE
PTS,5,,Kevin Durant,32564,FALSE
PTS,6,,Michael Jordan,32292,FALSE
PTS,7,,Dirk Nowitzki,31560,FALSE
PTS,8,,Wilt Chamberlain,31419,FALSE
PTS,9,,James Harden,29319,FALSE
PTS,10,,Shaquille O'Neal,28596,FALSE
PTS,11,,Carmelo Anthony,28289,FALSE
PTS,12,,Moses Malone,27409,FALSE
PTS,13,,Elvin Hayes,27313,FALSE
PTS,14,,Russell Westbrook,27176,FALSE
PTS,15,,Hakeem Olajuwon,26946,FALSE
PTS,16,,DeMar DeRozan,26711,FALSE
PTS,17,,Oscar Robertson,26710,FALSE
PTS,18,,Dominique Wilkins,26668,FALSE
PTS,19,,Tim Duncan,26496,FALSE
PTS,20,,Stephen Curry,26493,FALSE
PTS,21,,Paul Pierce,26397,FALSE
PTS,22,,John Havlicek,26395,FALSE
PTS,23,,Kevin Garnett,26071,FALSE
PTS,24,,Vince Carter,25728,FALSE
PTS,25,,Alex English,25613,FALSE
PTS,26,,Reggie Miller,25279,FALSE
PTS,27,,Jerry West,25192,FALSE
PTS,28,,Patrick Ewing,24815,FALSE
PTS,29,,Ray Allen,24505,FALSE
PTS,30,,Allen Iverson,24368,FALSE
PTS,31,,Charles Barkley,23757,FALSE
PTS,32,,Robert Parish,23334,FALSE
PTS,33,,Adrian Dantley,23177,FALSE
PTS,34,,Dwyane Wade,23165,FALSE
PTS,35,,Elgin Baylor,23149,FALSE
PTS,36,,Chris Paul,23058,FALSE
PTS,37,,Damian Lillard,22598,FALSE
PTS,38,,Clyde Drexler,22195,FALSE
PTS,39,,Gary Payton,21813,FALSE
PTS,40,,Larry Bird,21791,FALSE
PTS,41,,Hal Greer,21586,FALSE
PTS,42,,Giannis Antetokounmpo,21531,FALSE
PTS,43,,Walt Bellamy,20941,FALSE
PTS,44,,Pau Gasol,20894,FALSE
PTS,45,,Bob Pettit,20880,FALSE
PTS,46,,David Robinson,20790,FALSE
PTS,47,,George Gervin,20708,FALSE
PTS,48,,LaMarcus Aldridge,20558,FALSE
PTS,49,,Mitch Richmond,20497,FALSE
PTS,50,,Joe Johnson,20407,FALSE
PTS,51,,Tom Chambers,20049,FALSE
PTS,52,,Antawn Jamison,20042,FALSE
PTS,53,,John Stockton,19711,FALSE
PTS,54,,Bernard King,19655,FALSE
PTS,55,,Clifford Robinson,19591,FALSE
PTS,56,,Walter Davis,19521,FALSE
PTS,57,,Dwight Howard,19485,FALSE
PTS,58,,Tony Parker,19473,FALSE
PTS,59,,Terry Cummings,19460,FALSE
PTS,60,,Jamal Crawford,19419,FALSE
PTS,61,,Anthony Davis,19385,FALSE
PTS,62,,Paul George,19306,FALSE
PTS,63,,Bob Lanier,19248,FALSE
PTS,64,,Eddie Johnson,19202,FALSE
PTS,65,,Gail Goodrich,19181,FALSE
PTS,66,,Reggie Theus,19015,FALSE
PTS,67,,Dale Ellis,19004,FALSE
PTS,68,,Scottie Pippen,18940,FALSE
PTS,69,,Jason Terry,18881,FALSE
PTS,70,,Chet Walker,18831,FALSE
PTS,71,,Isiah Thomas,18822,FALSE
PTS,72,,Bob McAdoo,18787,FALSE
PTS,73,,Zach Randolph,18578,FALSE
PTS,74,,Mark Aguirre,18458,FALSE
PTS,75,,Dolph Schayes,18438,FALSE
PTS,76,,Kyrie Irving,18433,FALSE
PTS,77,,Rick Barry,18395,FALSE
PTS,78,,Tracy McGrady,18381,FALSE
PTS,79,,Julius Erving,18364,FALSE
PTS,80,,Glen Rice,18336,FALSE
PTS,81,,Dave Bing,18327,FALSE
PTS,82,,Brook Lopez,18123,FALSE
PTS,83,,Devin Booker,18120,FALSE
PTS,84,,Nikola Jokić,17986,FALSE
PTS,85,,World Free,17955,FALSE
PTS,86,,Calvin Murphy,17949,FALSE
PTS,87,,Lou Hudson,17940,FALSE
PTS,88,,Chris Mullin,17911,FALSE
PTS,89,,Lenny Wilkens,17772,FALSE
PTS,90,,Bailey Howell,17770,FALSE
PTS,91,,Magic Johnson,17707,FALSE
PTS,92,,Shawn Marion,17700,FALSE
PTS,93,,Nikola Vučević,17670,FALSE
PTS,94,,Rudy Gay,17642,FALSE
PTS,95,,Rolando Blackman,17623,FALSE
PTS,96,,Otis Thorpe,17599,FALSE
PTS,97,,Jason Kidd,17529,FALSE
PTS,98,,Earl Monroe,17454,FALSE
PTS,99,,Steve Nash,17387,FALSE
PTS,100,,Kevin McHale,17335,FALSE
PTS,101,,Klay Thompson,17334,FALSE
PTS,102,,Bradley Beal,17306,FALSE
PTS,103,,Michael Finley,17306,FALSE
PTS,104,,Jack Sikma,17287,FALSE
PTS,105,,Jrue Holiday,17255,FALSE
PTS,106,,Kevin Willis,17253,FALSE
PTS,107,,Jeff Malone,17231,FALSE
PTS,108,,Chris Bosh,17189,FALSE
PTS,109,,Chris Webber,17182,FALSE
PTS,110,,Grant Hill,17137,FALSE
PTS,111,,Bob Cousy,16960,FALSE
PTS,112,,Elton Brand,16827,FALSE
PTS,113,,CJ McCollum,16809,FALSE
PTS,114,,Buck Williams,16784,FALSE
PTS,115,,Latrell Sprewell,16712,FALSE
PTS,116,,Mike Conley,16706,FALSE
PTS,117,,Jimmy Butler III,16658,FALSE
PTS,118,,Kawhi Leonard,16522,FALSE
PTS,119,,Nate Archibald,16481,FALSE
PTS,120,,Jerry Stackhouse,16409,FALSE
PTS,121,,Tobias Harris,16408,FALSE
PTS,122,,Joe Dumars,16402,FALSE
PTS,123,,Kyle Lowry,16373,FALSE
PTS,124,,Karl-Anthony Towns,16362,FALSE
PTS,125,,James Worthy,16320,FALSE
PTS,126,,Stephon Marbury,16297,FALSE
PTS,127,,Andre Miller,16278,FALSE
PTS,128,,Paul Arizin,16266,FALSE
PTS,129,,Randy Smith,16262,FALSE
PTS,130,,Juwan Howard,16159,FALSE
PTS,131,,Derek Harper,16006,FALSE
PTS,132,,Rasheed Wallace,16006,FALSE
PTS,133,,Amar'e Stoudemire,15994,FALSE
PTS,134,,Kiki Vandeweghe,15980,FALSE
PTS,135,,Pete Maravich,15948,FALSE
PTS,136,,Jack Twyman,15840,FALSE
PTS,137,,Chauncey Billups,15802,FALSE
PTS,138,,Detlef Schrempf,15761,FALSE
PTS,139,,Richard Hamilton,15708,FALSE
PTS,140,,Larry Nance,15687,FALSE
PTS,141,,Kevin Love,15669,FALSE
PTS,142,,Jeff Hornacek,15659,FALSE
PTS,143,,Antoine Walker,15647,FALSE
PTS,144,,Sam Cassell,15635,FALSE
PTS,145,,Lou Williams,15593,FALSE
PTS,146,,Terry Porter,15586,FALSE
PTS,147,,Walt Frazier,15581,FALSE
PTS,148,,Artis Gilmore,15579,FALSE
PTS,149,,Rashard Lewis,15579,FALSE
PTS,150,,Dennis Johnson,15535,FALSE
PTS,151,,Bob Dandridge,15530,FALSE
PTS,152,,Sam Jones,15411,FALSE
PTS,153,,Tim Hardaway,15373,FALSE
PTS,154,,Dick Barnett,15358,FALSE
PTS,155,,Shawn Kemp,15347,FALSE
PTS,156,,Sam Perkins,15324,FALSE
PTS,157,,John Drew,15291,FALSE
PTS,158,,Donovan Mitchell,15272,FALSE
PTS,159,,Andrew Wiggins,15199,FALSE
PTS,160,,Julius Randle,15184,FALSE
PTS,161,,Byron Scott,15097,FALSE
PTS,162,,Dick Van Arsdale,15079,FALSE
PTS,163,,Al Horford,15062,FALSE
PTS,164,,Shareef Abdur-Rahim,15028,FALSE
PTS,165,,Luka Dončić,15021,FALSE
PTS,166,,Mike Mitchell,15016,FALSE
PTS,167,,Richard Jefferson,14904,FALSE
PTS,168,,James Edwards,14862,FALSE
PTS,169,,Monta Ellis,14858,FALSE
PTS,170,,Mike Bibby,14698,FALSE
PTS,171,,Richie Guerin,14676,FALSE
PTS,172,,Dan Issel,14659,FALSE
PTS,173,,Jason Richardson,14644,FALSE
PTS,174,,Jamaal Wilkes,14644,FALSE
PTS,175,,Purvis Short,14607,FALSE
PTS,176,,Spencer Haywood,14592,FALSE
PTS,177,,Allan Houston,14551,FALSE
PTS,178,,Harrison Barnes,14545,FALSE
PTS,179,,Paul Millsap,14536,FALSE
PTS,180,,Bill Russell,14522,FALSE
PTS,181,,Blake Griffin,14513,FALSE
PTS,182,,Kemba Walker,14486,FALSE
PTS,183,,Jeff Green,14474,FALSE
PTS,184,,Hersey Hawkins,14470,FALSE
PTS,185,,Ricky Pierce,14467,FALSE
PTS,186,,Rod Strickland,14463,FALSE
PTS,187,,Nate Thurmond,14437,FALSE
PTS,188,,Jojo White,14399,FALSE
PTS,189,,Al Jefferson,14343,FALSE
PTS,190,,Zach LaVine,14338,FALSE
PTS,191,,Alonzo Mourning,14311,FALSE
PTS,192,,Glenn Robinson,14234,FALSE
PTS,193,,Tom Van Arsdale,14232,FALSE
PTS,194,,Thaddeus Young,14225,FALSE
PTS,195,,Eric Gordon,14167,FALSE
PTS,196,,Eddie Jones,14155,FALSE
PTS,197,,Jayson Tatum,14132,FALSE
PTS,198,,Gus Williams,14093,FALSE
PTS,199,,Dave DeBusschere,14053,FALSE
PTS,200,,Jerry Lucas,14053,FALSE
PTS,201,,Manu Ginobili,14043,FALSE
PTS,202,,David West,14034,FALSE
PTS,203,,Fred Brown,14018,FALSE
PTS,204,,Carlos Boozer,13976,FALSE
PTS,205,,Andre Iguodala,13968,FALSE
PTS,206,,Alvan Adams,13910,FALSE
PTS,207,,Ron Harper,13910,FALSE
PTS,208,,Bob Love,13895,FALSE
PTS,209,,Marques Johnson,13892,FALSE
PTS,210,,Chuck Person,13858,FALSE
PTS,211,,Deron Williams,13804,FALSE
PTS,212,,Bill Laimbeer,13790,FALSE
PTS,213,,Peja Stojakovic,13647,FALSE
PTS,214,,Billy Cunningham,13626,FALSE
PTS,215,,Orlando Woolridge,13623,FALSE
PTS,216,,Xavier McDaniel,13606,FALSE
PTS,217,,Joel Embiid,13544,FALSE
PTS,218,,Khris Middleton,13519,FALSE
PTS,219,,Dave Cowens,13516,FALSE
PTS,220,,Jaylen Brown,13451,FALSE
PTS,221,,Baron Davis,13447,FALSE
PTS,222,,Cliff Hagan,13447,FALSE
PTS,223,,Steven Smith,13430,FALSE
PTS,224,,Shai Gilgeous-Alexander,13411,FALSE
PTS,225,,Vlade Divac,13398,FALSE
PTS,226,,Rudy Tomjanovich,13383,FALSE
PTS,227,,Luol Deng,13361,FALSE
PTS,228,,Jermaine O'Neal,13309,FALSE
PTS,229,,Al Harrington,13237,FALSE
PTS,230,,Jalen Rose,13220,FALSE
PTS,231,,Corey Maggette,13198,FALSE
PTS,232,,Kevin Johnson,13127,FALSE
PTS,233,,Metta World Peace,13058,FALSE
PTS,234,,Jeff Mullins,13017,FALSE
PTS,235,,Horace Grant,12996,FALSE
PTS,236,,Josh Smith,12996,FALSE
PTS,237,,Stephen Jackson,12976,FALSE
PTS,238,,Bob Boozer,12964,FALSE
PTS,239,,Kendall Gill,12914,FALSE
PTS,240,,Derrick Coleman,12884,FALSE
PTS,241,,Wayman Tisdale,12878,FALSE
PTS,242,,Rik Smits,12871,FALSE
PTS,243,,Mychal Thompson,12810,FALSE
PTS,244,,Pascal Siakam,12810,FALSE
PTS,245,,Paul Westphal,12809,FALSE
PTS,246,,Jonas Valančiūnas,12807,FALSE
PTS,247,,Sidney Wicks,12803,FALSE
PTS,248,,DeMarcus Cousins,12802,FALSE
PTS,249,,Lamar Odom,12781,FALSE
PTS,250,,Mickey Johnson,12748,FALSE
PTS,251,,Johnny Newman,12740,FALSE
PTS,252,,Bill Cartwright,12713,FALSE
PTS,253,,Armen Gilliam,12700,FALSE
PTS,254,,De'Aaron Fox,12693,FALSE
PTS,255,,Jim Jackson,12690,FALSE
PTS,256,,Gordon Hayward,12687,FALSE
PTS,257,,Dell Curry,12670,FALSE
PTS,258,,Bill Sharman,12665,FALSE
PTS,259,,Nick Van Exel,12658,FALSE
PTS,260,,Jordan Clarkson,12639,FALSE
PTS,261,,Derrick Rose,12573,FALSE
PTS,262,,Goran Dragic,12568,FALSE
PTS,263,,Otis Birdsong,12544,FALSE
PTS,264,,Jack Marin,12541,FALSE
PTS,265,,Marc Gasol,12514,FALSE
PTS,266,,Mike Newlin,12507,FALSE
PTS,267,,Mark Jackson,12489,FALSE
PTS,268,,Trae Young,12489,FALSE
PTS,269,,Dennis Schröder,12487,FALSE
PTS,270,,Johnny Kerr,12480,FALSE
PTS,271,,Joe Barry Carroll,12455,FALSE
PTS,272,,Caron Butler,12430,FALSE
PTS,273,,Charles Oakley,12417,FALSE
PTS,274,,Kevin Martin,12396,FALSE
PTS,275,,Darrell Griffith,12391,FALSE
PTS,276,,Cazzie Russell,12377,FALSE
PTS,277,,Danny Manning,12367,FALSE
PTS,278,,Maurice Lucas,12339,FALSE
PTS,279,,A.C. Green,12331,FALSE
PTS,280,,Johnny Green,12281,FALSE
PTS,281,,Sleepy Floyd,12260,FALSE
PTS,282,,Antonio McDyess,12227,FALSE
PTS,283,,Tim Hardaway Jr.,12217,FALSE
PTS,284,,Maurice Cheeks,12195,FALSE
PTS,285,,Tom Heinsohn,12194,FALSE
PTS,286,,Willis Reed,12183,FALSE
PTS,287,,JR Smith,12148,FALSE
PTS,288,,Kelly Tripucka,12142,FALSE
PTS,289,,John Long,12131,FALSE
PTS,290,,John Wall,12088,FALSE
PTS,291,,Norm Nixon,12065,FALSE
PTS,292,,JJ Redick,12028,FALSE
PTS,293,,Truck Robinson,11988,FALSE
PTS,294,,Michael Redd,11972,FALSE
PTS,295,,Danny Ainge,11964,FALSE
PTS,296,,Cuttino Mobley,11964,FALSE
PTS,297,,Mookie Blaylock,11962,FALSE
PTS,298,,Kyle Korver,11953,FALSE
PTS,299,,Clyde Lovellette,11947,FALSE
PTS,300,,Herb Williams,11944,FALSE
PTS,301,,Sidney Moncrief,11931,FALSE
PTS,302,,Scott Wedman,11916,FALSE
PTS,303,,David Wesley,11842,FALSE
PTS,304,,Vin Baker,11839,FALSE
PTS,305,,Thurl Bailey,11834,FALSE
PTS,306,,Vinnie Johnson,11825,FALSE
PTS,307,,Jerome Kersey,11825,FALSE
PTS,308,,Archie Clark,11819,FALSE
PTS,309,,Paul Silas,11782,FALSE
PTS,310,,Damon Stoudamire,11763,FALSE
PTS,311,,Dick Snyder,11755,FALSE
PTS,312,,Gerald Wilkins,11736,FALSE
PTS,313,,Dikembe Mutombo,11729,FALSE
PTS,314,,Andre Drummond,11674,FALSE
PTS,315,,Jimmy Walker,11655,FALSE
PTS,316,,Jamal Mashburn,11644,FALSE
PTS,317,,Danilo Gallinari,11607,FALSE
PTS,318,,Trevor Ariza,11593,FALSE
PTS,319,,Kevin Loughery,11575,FALSE
PTS,320,,Don Ohl,11549,FALSE
PTS,321,,Nicolas Batum,11544,FALSE
PTS,322,,Nick Anderson,11529,FALSE
PTS,323,,Jamal Murray,11528,FALSE
PTS,324,,Junior Bridgeman,11517,FALSE
PTS,325,,Rudy LaRusso,11507,FALSE
PTS,326,,Happy Hairston,11505,FALSE
PTS,327,,Larry Johnson,11450,FALSE
PTS,328,,Gilbert Arenas,11402,FALSE
PTS,329,,Dan Roundfield,11318,FALSE
PTS,330,,Willie Naulls,11305,FALSE
PTS,331,,Rudy Gobert,11287,FALSE
PTS,332,,Tayshaun Prince,11272,FALSE
PTS,333,,Brandon Ingram,11270,FALSE
PTS,334,,David Thompson,11264,FALSE
PTS,335,,Ed Macauley,11234,FALSE
PTS,336,,David Lee,11232,FALSE
PTS,337,,Wesley Matthews,11210,FALSE
PTS,338,,Joe Smith,11208,FALSE
PTS,339,,John Johnson,11200,FALSE
PTS,340,,Jim Paxson,11199,FALSE
PTS,341,,Larry Foust,11198,FALSE
PTS,342,,Bojan Bogdanovic,11184,FALSE
PTS,343,,D'Angelo Russell,11132,FALSE
PTS,344,,Christian Laettner,11121,FALSE
PTS,345,,Buddy Hield,11091,FALSE
PTS,346,,Ben Gordon,11084,FALSE
PTS,347,,Mike Dunleavy,11048,FALSE
PTS,348,,Serge Ibaka,11028,FALSE
PTS,349,,Hedo Turkoglu,11022,FALSE
PTS,350,,Bill Bridges,11012,FALSE
PTS,351,,Mark Price,10989,FALSE
PTS,352,,Mike Woodson,10981,FALSE
PTS,353,,Zydrunas Ilgauskas,10976,FALSE
PTS,354,,Mike Miller,10973,FALSE
PTS,355,,Marvin Williams,10965,FALSE
PTS,356,,Mike Gminski,10953,FALSE
PTS,357,,Dan Majerle,10925,FALSE
PTS,358,,Vernon Maxwell,10912,FALSE
PTS,359,,Nene,10909,FALSE
PTS,360,,Ricky Sobers,10902,FALSE
PTS,361,,Don Nelson,10898,FALSE
PTS,362,,Alvin Robertson,10882,FALSE
PTS,363,,Bingo Smith,10882,FALSE
PTS,364,,Raymond Felton,10853,FALSE
PTS,365,,Reggie Jackson,10845,FALSE
PTS,366,,Anthony Edwards,10832,FALSE
PTS,367,,John Starks,10829,FALSE
PTS,368,,Cliff T. Robinson,10823,FALSE
PTS,369,,Elden Campbell,10805,FALSE
PTS,370,,Kenny Anderson,10789,FALSE
PTS,371,,Mo Williams,10759,FALSE
PTS,372,,Jalen Brunson,10719,FALSE
PTS,373,,Donyell Marshall,10716,FALSE
PTS,374,,Derek Fisher,10713,FALSE
PTS,375,,Domantas Sabonis,10702,FALSE
PTS,376,,Anfernee Hardaway,10684,FALSE
PTS,377,,Carl Braun,10625,FALSE
PTS,378,,Wes Unseld,10624,FALSE
PTS,379,,Kentavious Caldwell-Pope,10600,FALSE
PTS,380,,Devin Harris,10597,FALSE
PTS,381,,Jerry Sloan,10571,FALSE
PTS,382,,Billy Knight,10561,FALSE
PTS,383,,Sean Elliott,10544,FALSE
PTS,384,,Brian Winters,10537,FALSE
PTS,385,,Jerami Grant,10488,FALSE
PTS,386,,Clar. Weatherspoon,10483,FALSE
PTS,387,,Austin Carr,10473,FALSE
PTS,388,,Cedric Maxwell,10465,FALSE
PTS,389,,Robert Reid,10448,FALSE
PTS,390,,Steve Francis,10446,FALSE
PTS,391,,Lafayette Lever,10433,FALSE
PTS,392,,Guy Rodgers,10415,FALSE
PTS,393,,Brad Daugherty,10389,FALSE
PTS,394,,Wayne Embry,10380,FALSE
PTS,395,,Kristaps Porziņģis,10349,FALSE
PTS,396,,Eric Bledsoe,10348,FALSE
PTS,397,,Bam Adebayo,10346,FALSE
PTS,398,,Aaron Gordon,10339,FALSE
PTS,399,,Sam Lacey,10303,FALSE
PTS,400,,Calvin Natt,10291,FALSE
PTS,401,,Derrick McKey,10266,FALSE
PTS,402,,Larry Hughes,10242,FALSE
PTS,403,,Ray Scott,10184,FALSE
PTS,404,,Leroy Ellis,10176,FALSE
PTS,405,,Eddie Johnson,10163,FALSE
PTS,406,,Ray Williams,10158,FALSE
PTS,407,,George Mikan,10156,FALSE
PTS,408,,Vern Fleming,10125,FALSE
PTS,409,,Kyle Kuzma,10098,FALSE
PTS,410,,Gene Shue,10068,FALSE
PTS,411,,Vern Mikkelsen,10063,FALSE
PTS,412,,Jeff Teague,10061,FALSE
PTS,413,,Charlie Scott,10037,FALSE
PTS,414,,Neil Johnston,10023,FALSE
PTS,415,,Terrell Brandon,9994,FALSE
PTS,416,,Rony Seikaly,9991,FALSE
PTS,417,,Marcus Morris Sr.,9965,FALSE
PTS,418,,Greg Ballard,9953,FALSE
PTS,419,,John Lucas,9951,FALSE
PTS,420,,Don Kojis,9948,FALSE
PTS,421,,Gus Johnson,9944,FALSE
PTS,422,,Jameer Nelson,9940,FALSE
PTS,423,,Gerald Wallace,9933,FALSE
PTS,424,,Phil Chenier,9931,FALSE
PTS,425,,Phil Smith,9924,FALSE
PTS,426,,Ricky Davis,9912,FALSE
PTS,427,,Tom Meschery,9904,FALSE
PTS,428,,Tom Gugliotta,9895,FALSE
PTS,429,,P.J. Brown,9870,FALSE
PTS,430,,Myles Turner,9864,FALSE
PTS,431,,Danny Granger,9855,FALSE
PTS,432,,Toni Kukoc,9810,FALSE
PTS,433,,Hot Rod Williams,9784,FALSE
PTS,434,,Tyrone Corbin,9766,FALSE
PTS,435,,Geoff Petrie,9732,FALSE
PTS,436,,Rex Chapman,9731,FALSE
PTS,437,,Brad Miller,9724,FALSE
PTS,438,,Isaiah Thomas,9723,FALSE
PTS,439,,Johnny Davis,9710,FALSE
PTS,440,,Anthony Mason,9656,FALSE
PTS,441,,Michael Adams,9621,FALSE
PTS,442,,Evan Fournier,9607,FALSE
PTS,443,,Kirk Hinrich,9594,FALSE
PTS,444,,George Hill,9545,FALSE
PTS,445,,DeAndre Jordan,9536,FALSE
PTS,446,,Grant Long,9518,FALSE
PTS,447,,Tyson Chandler,9509,FALSE
PTS,448,,Rodney Rogers,9468,FALSE
PTS,449,,Tim Thomas,9454,FALSE
PTS,450,,Andrei Kirilenko,9431,FALSE
PTS,451,,Lucius Allen,9407,FALSE
PTS,452,,Isaiah Rider,9405,FALSE
PTS,453,,Kenny Smith,9397,FALSE
PTS,454,,Norman Powell,9393,FALSE
PTS,455,,Doc Rivers,9377,FALSE
PTS,456,,Kelly Oubre Jr.,9375,FALSE
PTS,457,,Mikal Bridges,9372,FALSE
PTS,458,,Jarrett Jack,9349,FALSE
PTS,459,,Tyreke Evans,9347,FALSE
PTS,460,,Rajon Rondo,9337,FALSE
PTS,461,,Sedale Threatt,9327,FALSE
PTS,462,,Kenyon Martin,9325,FALSE
PTS,463,,Lauri Markkanen,9323,FALSE
PTS,464,,Doug Christie,9301,FALSE
PTS,465,,Joe Graboski,9280,FALSE
PTS,466,,Fred Carter,9271,FALSE
PTS,467,,Marcus Camby,9262,FALSE
PTS,468,,D.J. Augustin,9259,FALSE
PTS,469,,Terry Rozier,9252,FALSE
PTS,470,,Yao Ming,9247,FALSE
PTS,471,,Benoit Benjamin,9223,FALSE
PTS,472,,Bill Bradley,9217,FALSE
PTS,473,,Keith Van Horn,9206,FALSE
PTS,474,,Wally Szczerbiak,9195,FALSE
PTS,475,,Antoine Carr,9176,FALSE
PTS,476,,Jon McGlocklin,9169,FALSE
PTS,477,,Corliss Williamson,9147,FALSE
PTS,478,,Boris Diaw,9139,FALSE
PTS,479,,Zelmo Beaty,9107,FALSE
PTS,480,,George McGinnis,9090,FALSE
PTS,481,,Walt Hazzard,9087,FALSE
PTS,482,,George Yardley,9063,FALSE
PTS,483,,Antonio Davis,9041,FALSE
PTS,484,,Leandro Barbosa,9035,FALSE
PTS,485,,Rodney McCray,9014,FALSE
PTS,486,,Terry Dischinger,9012,FALSE
PTS,487,,Kurt Thomas,8973,FALSE
PTS,488,,Rick Fox,8966,FALSE
PTS,489,,Campy Russell,8953,FALSE
PTS,490,,Bobby Jones,8911,FALSE
PTS,491,,Dana Barros,8901,FALSE
PTS,492,,Luis Scola,8882,FALSE
PTS,493,,Rickey Green,8870,FALSE
PTS,494,,Terry Tyler,8868,FALSE
PTS,495,,Darren Collison,8861,FALSE
PTS,496,,Harry Gallatin,8843,FALSE
PTS,497,,Avery Johnson,8817,FALSE
PTS,498,,Dan Schayes,8780,FALSE
PTS,499,,Jay Humphries,8772,FALSE
PTS,500,,Norm Van Lier,8770,FALSE
REB,1,,Wilt Chamberlain,23924,FALSE
REB,2,,Bill Russell,21620,FALSE
REB,3,,Kareem Abdul-Jabbar,17440,FALSE
REB,4,,Elvin Hayes,16279,FALSE
REB,5,,Moses Malone,16212,FALSE
REB,6,,Tim Duncan,15091,FALSE
REB,7,,Karl Malone,14968,FALSE
REB,8,,Robert Parish,14715,FALSE
REB,9,,Kevin Garnett,14662,FALSE
REB,10,,Dwight Howard,14627,FALSE
REB,11,,Nate Thurmond,14464,FALSE
REB,12,,Walt Bellamy,14241,FALSE
REB,13,,Wes Unseld,13769,FALSE
REB,14,,Hakeem Olajuwon,13748,FALSE
REB,15,,Shaquille O'Neal,13099,FALSE
REB,16,,Buck Williams,13017,FALSE
REB,17,,Jerry Lucas,12942,FALSE
REB,18,,Bob Pettit,12849,FALSE
REB,19,,Charles Barkley,12546,FALSE
REB,20,,Dikembe Mutombo,12359,FALSE
REB,21,,Paul Silas,12357,FALSE
REB,22,,Charles Oakley,12205,FALSE
REB,23,,LeBron James,12085,FALSE
REB,24,,Dennis Rodman,11954,FALSE
REB,25,,Kevin Willis,11901,FALSE
REB,26,,Patrick Ewing,11607,FALSE
REB,27,,Dirk Nowitzki,11489,FALSE
REB,28,,Andre Drummond,11485,FALSE
REB,29,,Elgin Baylor,11463,FALSE
REB,30,,Pau Gasol,11305,FALSE
REB,31,,Dolph Schayes,11256,FALSE
REB,32,,Bill Bridges,11054,FALSE
REB,33,,DeAndre Jordan,10861,FALSE
REB,34,,Jack Sikma,10816,FALSE
REB,35,,Nikola Vučević,10703,FALSE
REB,36,,Rudy Gobert,10572,FALSE
REB,37,,David Robinson,10497,FALSE
REB,38,,Ben Wallace,10482,FALSE
REB,39,,Tyson Chandler,10467,FALSE
REB,40,,Dave Cowens,10444,FALSE
REB,41,,Bill Laimbeer,10400,FALSE
REB,42,,Otis Thorpe,10370,FALSE
REB,43,,Zach Randolph,10208,FALSE
REB,44,,Shawn Marion,10101,FALSE
REB,45,,Johnny Kerr,10092,FALSE
REB,46,,Kevin Love,9712,FALSE
REB,47,,Bob Lanier,9698,FALSE
REB,48,,Sam Lacey,9687,FALSE
REB,49,,Dave DeBusschere,9618,FALSE
REB,50,,Marcus Camby,9513,FALSE
REB,51,,A.C. Green,9473,FALSE
REB,52,,Horace Grant,9443,FALSE
REB,53,,Bailey Howell,9383,FALSE
REB,54,,Vlade Divac,9326,FALSE
REB,55,,Artis Gilmore,9161,FALSE
REB,56,,Al Horford,9159,FALSE
REB,57,,Johnny Green,9083,FALSE
REB,58,,Elton Brand,9040,FALSE
REB,59,,Russell Westbrook,9025,FALSE
REB,60,,Jonas Valančiūnas,9024,FALSE
REB,61,,Larry Bird,8974,FALSE
REB,62,,Nikola Jokić,8969,FALSE
REB,63,,Giannis Antetokounmpo,8882,FALSE
REB,64,,Shawn Kemp,8834,FALSE
REB,65,,LaMarcus Aldridge,8736,FALSE
REB,66,,Jason Kidd,8725,FALSE
REB,67,,Leroy Ellis,8709,FALSE
REB,68,,Michael Cage,8646,FALSE
REB,69,,Anthony Davis,8636,FALSE
REB,70,,Terry Cummings,8630,FALSE
REB,71,,Dale Davis,8605,FALSE
REB,72,,Willis Reed,8414,FALSE
REB,73,,P.J. Brown,8409,FALSE
REB,74,,Kevin Durant,8247,FALSE
REB,75,,Carlos Boozer,8192,FALSE
REB,76,,Antawn Jamison,8157,FALSE
REB,77,,Larry Smith,8125,FALSE
REB,78,,Chris Webber,8124,FALSE
REB,79,,Lamar Odom,8059,FALSE
REB,80,,Bob McAdoo,8048,FALSE
REB,81,,Larry Foust,8041,FALSE
REB,82,,Happy Hairston,8019,FALSE
REB,83,,Karl-Anthony Towns,8015,FALSE
REB,84,,John Havlicek,8007,FALSE
REB,85,,Carmelo Anthony,7808,FALSE
REB,86,,Oscar Robertson,7804,FALSE
REB,87,,Al Jefferson,7690,FALSE
REB,88,,Paul Millsap,7673,FALSE
REB,89,,Sam Perkins,7666,FALSE
REB,90,,Caldwell Jones,7663,FALSE
REB,91,,Antonio McDyess,7638,FALSE
REB,92,,Clyde Lee,7626,FALSE
REB,93,,Chris Bosh,7592,FALSE
REB,94,,Wayne Embry,7544,FALSE
REB,95,,Paul Pierce,7527,FALSE
REB,96,,Maurice Lucas,7520,FALSE
REB,97,,Scottie Pippen,7494,FALSE
REB,98,,James Donaldson,7492,FALSE
REB,99,,Juwan Howard,7428,FALSE
REB,100,,Rasheed Wallace,7404,FALSE
REB,101,,Gus Johnson,7379,FALSE
REB,102,,Larry Nance,7352,FALSE
REB,103,,Kurt Thomas,7328,FALSE
REB,104,,David Lee,7320,FALSE
REB,105,,Clint Capela,7316,FALSE
REB,106,,Chet Walker,7314,FALSE
REB,107,,Anthony Mason,7279,FALSE
REB,108,,Truck Robinson,7267,FALSE
REB,109,,Jermaine O'Neal,7261,FALSE
REB,110,,Dan Roundfield,7243,FALSE
REB,111,,Derrick Coleman,7232,FALSE
REB,112,,Dominique Wilkins,7169,FALSE
REB,113,,Ray Scott,7154,FALSE
REB,114,,Alonzo Mourning,7137,FALSE
REB,115,,Kevin McHale,7122,FALSE
REB,116,,Bob Boozer,7119,FALSE
REB,117,,Olden Polynice,7110,FALSE
REB,118,,Domantas Sabonis,7096,FALSE
REB,119,,Kobe Bryant,7047,FALSE
REB,120,,Spencer Haywood,7038,FALSE
REB,121,,Julius Randle,7024,FALSE
REB,122,,Detlef Schrempf,7023,FALSE
REB,123,,Erick Dampier,7005,FALSE
REB,124,,Brook Lopez,6996,FALSE
REB,125,,Rick Mahorn,6957,FALSE
REB,126,,Clifford Ray,6953,FALSE
REB,127,,Mychal Thompson,6951,FALSE
REB,128,,Samuel Dalembert,6942,FALSE
REB,129,,Mark Eaton,6939,FALSE
REB,130,,Alvan Adams,6937,FALSE
REB,131,,Rudy LaRusso,6936,FALSE
REB,132,,Antoine Walker,6891,FALSE
REB,133,,Tyrone Hill,6854,FALSE
REB,134,,Clar. Weatherspoon,6846,FALSE
REB,135,,James Harden,6809,FALSE
REB,136,,Antonio Davis,6755,FALSE
REB,137,,Tree Rollins,6750,FALSE
REB,138,,Tom Chambers,6703,FALSE
REB,139,,Tom Meschery,6698,FALSE
REB,140,,LaSalle Thompson,6689,FALSE
REB,141,,Harry Gallatin,6684,FALSE
REB,142,,Clyde Drexler,6677,FALSE
REB,143,,Michael Jordan,6672,FALSE
REB,144,,DeMarcus Cousins,6664,FALSE
REB,145,,Clyde Lovellette,6663,FALSE
REB,146,,Josh Smith,6653,FALSE
REB,147,,Billy Cunningham,6638,FALSE
REB,148,,Jim Washington,6637,FALSE
REB,149,,Amar'e Stoudemire,6632,FALSE
REB,150,,Sidney Wicks,6620,FALSE
REB,151,,Thaddeus Young,6614,FALSE
REB,152,,Vince Carter,6606,FALSE
REB,153,,Marc Gasol,6604,FALSE
REB,154,,David West,6590,FALSE
REB,155,,Joe Smith,6575,FALSE
REB,156,,Magic Johnson,6559,FALSE
REB,157,,Alex English,6538,FALSE
REB,158,,David Greenwood,6537,FALSE
REB,159,,Serge Ibaka,6513,FALSE
REB,160,,Herb Williams,6509,FALSE
REB,161,,Willie Naulls,6508,FALSE
REB,162,,Mike Gminski,6480,FALSE
REB,163,,Mickey Johnson,6465,FALSE
REB,164,,Draymond Green,6458,FALSE
REB,165,,Tristan Thompson,6428,FALSE
REB,166,,Rony Seikaly,6424,FALSE
REB,167,,Marcin Gortat,6407,FALSE
REB,168,,Armen Gilliam,6401,FALSE
REB,169,,Steven Adams,6391,FALSE
REB,170,,Donyell Marshall,6376,FALSE
REB,171,,Jerome Kersey,6339,FALSE
REB,172,,Zaza Pachulia,6315,FALSE
REB,173,,Clifford Robinson,6306,FALSE
REB,174,,Rudy Gay,6283,FALSE
REB,175,,Tobias Harris,6282,FALSE
REB,176,,Shareef Abdur-Rahim,6239,FALSE
REB,177,,Walter Dukes,6223,FALSE
REB,178,,Brad Miller,6199,FALSE
REB,179,,Rudy Tomjanovich,6198,FALSE
REB,180,,Zydrunas Ilgauskas,6191,FALSE
REB,181,,Grant Hill,6169,FALSE
REB,182,,Grant Long,6154,FALSE
REB,183,,Paul Arizin,6129,FALSE
REB,184,,Elden Campbell,6116,FALSE
REB,185,,Andrew Bogut,6112,FALSE
REB,186,,Blake Griffin,6109,FALSE
REB,187,,Bill Cartwright,6106,FALSE
REB,188,,Darrall Imhoff,6099,FALSE
REB,189,,Wayne Cooper,6095,FALSE
REB,190,,Benoit Benjamin,6063,FALSE
REB,191,,Joakim Noah,6058,FALSE
REB,192,,Andre Iguodala,6047,FALSE
REB,193,,Chris Paul,6006,FALSE
REB,194,,James Edwards,6004,FALSE
REB,195,,Joe Graboski,5999,FALSE
REB,196,,Hot Rod Williams,5998,FALSE
REB,197,,Alton Lister,5996,FALSE
REB,198,,Emeka Okafor,5967,FALSE
REB,199,,Elmore Smith,5962,FALSE
REB,200,,Zelmo Beaty,5949,FALSE
REB,201,,Vern Mikkelsen,5940,FALSE
REB,202,,George Johnson,5887,FALSE
REB,203,,Garfield Heard,5876,FALSE
REB,204,,Paul George,5870,FALSE
REB,205,,Vin Baker,5867,FALSE
REB,206,,Neil Johnston,5856,FALSE
REB,207,,Nene,5828,FALSE
REB,208,,Enes Freedom,5822,FALSE
REB,209,,Mason Plumlee,5817,FALSE
REB,210,,Christian Laettner,5806,FALSE
REB,211,,Thomas Sanders,5798,FALSE
REB,212,,Udonis Haslem,5791,FALSE
REB,213,,Reggie Evans,5765,FALSE
REB,214,,Taj Gibson,5750,FALSE
REB,215,,Tom Heinsohn,5749,FALSE
REB,216,,Tom Boerwinkle,5745,FALSE
REB,217,,Bam Adebayo,5735,FALSE
REB,218,,Bob Dandridge,5715,FALSE
REB,219,,Jarrett Allen,5715,FALSE
REB,220,,Troy Murphy,5708,FALSE
REB,221,,Dan Issel,5707,FALSE
REB,222,,Rich Kelley,5678,FALSE
REB,223,,Dan Schayes,5671,FALSE
REB,224,,Hal Greer,5665,FALSE
REB,225,,Nicolas Batum,5653,FALSE
REB,226,,Ray Felix,5652,FALSE
REB,227,,Jusuf Nurkić,5644,FALSE
REB,228,,Brian Grant,5622,FALSE
REB,229,,Drew Gooden,5618,FALSE
REB,230,,Tom Gola,5617,FALSE
REB,231,,Jerry Sloan,5615,FALSE
REB,232,,Derrick Favors,5608,FALSE
REB,233,,Julius Erving,5601,FALSE
REB,234,,Tom Gugliotta,5589,FALSE
REB,235,,Chris Kaman,5582,FALSE
REB,236,,Otto Moore,5575,FALSE
REB,237,,Marvin Williams,5546,FALSE
REB,238,,Jim Fox,5525,FALSE
REB,239,,Hassan Whiteside,5523,FALSE
REB,240,,Al Harrington,5482,FALSE
REB,241,,Luol Deng,5468,FALSE
REB,242,,Chris Dudley,5457,FALSE
REB,243,,Adrian Dantley,5455,FALSE
REB,244,,DeMar DeRozan,5434,FALSE
REB,245,,Rashard Lewis,5433,FALSE
REB,246,,Jack Twyman,5424,FALSE
REB,247,,Joe Barry Carroll,5404,FALSE
REB,248,,Jerry West,5376,FALSE
REB,249,,Trevor Ariza,5356,FALSE
REB,250,,Mark West,5347,FALSE
REB,251,,Xavier McDaniel,5313,FALSE
REB,252,,Larry Johnson,5300,FALSE
REB,253,,Swen Nater,5297,FALSE
REB,254,,Greg Monroe,5293,FALSE
REB,255,,Joel Embiid,5280,FALSE
REB,256,,Rik Smits,5277,FALSE
REB,257,,Tracy McGrady,5276,FALSE
REB,258,,Ray Allen,5272,FALSE
REB,259,,Gary Payton,5269,FALSE
REB,260,,Robert Horry,5269,FALSE
REB,261,,Shawn Bradley,5268,FALSE
REB,262,,Dave Corzine,5262,FALSE
REB,263,,Cedric Maxwell,5261,FALSE
REB,264,,Ivica Zubac,5251,FALSE
REB,265,,Jeff Foster,5248,FALSE
REB,266,,Cliff T. Robinson,5237,FALSE
REB,267,,Brad Daugherty,5227,FALSE
REB,268,,Jim Chones,5196,FALSE
REB,269,,Don Nelson,5192,FALSE
REB,270,,Jack Coleman,5186,FALSE
REB,271,,George McGinnis,5177,FALSE
REB,272,,Rick Barry,5168,FALSE
REB,273,,Kenyon Martin,5159,FALSE
REB,274,,Ervin Johnson,5148,FALSE
REB,275,,Bismack Biyombo,5134,FALSE
REB,276,,Jamaal Wilkes,5117,FALSE
REB,277,,Wayman Tisdale,5117,FALSE
REB,278,,Cliff Hagan,5116,FALSE
REB,279,,Bobby Portis,5113,FALSE
REB,280,,John Drew,5088,FALSE
REB,281,,Rodney McCray,5087,FALSE
REB,282,,Kawhi Leonard,5067,FALSE
REB,283,,Bernard King,5060,FALSE
REB,284,,Joe Johnson,5059,FALSE
REB,285,,Tyrone Corbin,5046,FALSE
REB,286,,Lenny Wilkens,5030,FALSE
REB,287,,Arnie Risen,5011,FALSE
REB,288,,Kenny Carr,4999,FALSE
REB,289,,Charlie Share,4986,FALSE
REB,290,,Kyle Lowry,4970,FALSE
REB,291,,Stephen Curry,4964,FALSE
REB,292,,Mark Jackson,4963,FALSE
REB,293,,Kurt Rambis,4961,FALSE
REB,294,,Harrison Barnes,4952,FALSE
REB,295,,Lorenzen Wright,4943,FALSE
REB,296,,Luis Scola,4941,FALSE
REB,297,,Dwyane Wade,4933,FALSE
REB,298,,Bill Walton,4923,FALSE
REB,299,,Jeff Green,4902,FALSE
REB,300,,Loy Vaught,4881,FALSE
REB,301,,Brendan Haywood,4875,FALSE
REB,302,,Jimmy Butler III,4858,FALSE
REB,303,,Greg Ballard,4858,FALSE
REB,304,,Gerald Wallace,4838,FALSE
REB,305,,Eddie Johnson,4832,FALSE
REB,306,,Walt Frazier,4830,FALSE
REB,307,,Marques Johnson,4817,FALSE
REB,308,,Michael Finley,4804,FALSE
REB,309,,Andre Miller,4795,FALSE
REB,310,,Bob Cousy,4786,FALSE
REB,311,,John Johnson,4778,FALSE
REB,312,,P.J. Tucker,4778,FALSE
REB,313,,Chuck Person,4763,FALSE
REB,314,,Connie Dierking,4757,FALSE
REB,315,,Mel Counts,4756,FALSE
REB,316,,Deandre Ayton,4727,FALSE
REB,317,,Myles Turner,4722,FALSE
REB,318,,Richard Jefferson,4720,FALSE
REB,319,,Thurl Bailey,4718,FALSE
REB,320,,James Worthy,4708,FALSE
REB,321,,Nazr Mohammed,4708,FALSE
REB,322,,Nick Collison,4701,FALSE
REB,323,,Amir Johnson,4692,FALSE
REB,324,,Aaron Gordon,4683,FALSE
REB,325,,Terry Tyler,4675,FALSE
REB,326,,Ersan Ilyasova,4661,FALSE
REB,327,,Robin Lopez,4660,FALSE
REB,328,,Bob Love,4653,FALSE
REB,329,,Boris Diaw,4634,FALSE
REB,330,,Ed Davis,4616,FALSE
REB,331,,Danny Manning,4615,FALSE
REB,332,,Lucious Jackson,4613,FALSE
REB,333,,Tom Hawkins,4607,FALSE
REB,334,,Theo Ratliff,4596,FALSE
REB,335,,Pascal Siakam,4594,FALSE
REB,336,,Mark Aguirre,4578,FALSE
REB,337,,JaVale McGee,4577,FALSE
REB,338,,Jrue Holiday,4575,FALSE
REB,339,,Don Kojis,4555,FALSE
REB,340,,Kendrick Perkins,4532,FALSE
REB,341,,Anderson Varejao,4531,FALSE
REB,342,,Lafayette Lever,4523,FALSE
REB,343,,Mike Bantom,4517,FALSE
REB,344,,Dwight Jones,4513,FALSE
REB,345,,Mark Olberding,4503,FALSE
REB,346,,Yao Ming,4494,FALSE
REB,347,,Nat Clifton,4469,FALSE
REB,348,,Jakob Poeltl,4468,FALSE
REB,349,,Jim Brewer,4458,FALSE
REB,350,,Jayson Tatum,4453,FALSE
REB,351,,Metta World Peace,4448,FALSE
REB,352,,Bo Outlaw,4437,FALSE
REB,353,,Mehmet Okur,4436,FALSE
REB,354,,Darryl Dawkins,4432,FALSE
REB,355,,Jamaal Magloire,4408,FALSE
REB,356,,Jack Marin,4405,FALSE
REB,357,,Neal Walk,4392,FALSE
REB,358,,Glen Rice,4387,FALSE
REB,359,,Caron Butler,4387,FALSE
REB,360,,Derrick McKey,4387,FALSE
REB,361,,Mike Miller,4376,FALSE
REB,362,,Luka Dončić,4376,FALSE
REB,363,,T.R. Dunn,4371,FALSE
REB,364,,Scott Wedman,4355,FALSE
REB,365,,Andrei Kirilenko,4352,FALSE
REB,366,,Rajon Rondo,4349,FALSE
REB,367,,Kenny Thomas,4341,FALSE
REB,368,,Tayshaun Prince,4332,FALSE
REB,369,,Ed Macauley,4325,FALSE
REB,370,,Kris Humphries,4314,FALSE
REB,371,,Ron Harper,4309,FALSE
REB,372,,Cliff Levingston,4307,FALSE
REB,373,,Sam Jones,4305,FALSE
REB,374,,Tony Battie,4287,FALSE
REB,375,,Matt Barnes,4281,FALSE
REB,376,,Al-Farouq Aminu,4280,FALSE
REB,377,,Richie Guerin,4278,FALSE
REB,378,,Steve Hawes,4272,FALSE
REB,379,,Dan Majerle,4265,FALSE
REB,380,,Curtis Rowe,4264,FALSE
REB,381,,Bobby Jones,4256,FALSE
REB,382,,Dennis Johnson,4249,FALSE
REB,383,,Mike Mitchell,4246,FALSE
REB,384,,Greg Anderson,4246,FALSE
REB,385,,Jason Richardson,4245,FALSE
REB,386,,Curtis Perry,4239,FALSE
REB,387,,Kermit Washington,4232,FALSE
REB,388,,George Yardley,4220,FALSE
REB,389,,Mike Dunleavy,4211,FALSE
REB,390,,Dale Ellis,4201,FALSE
REB,391,,Kelly Olynyk,4200,FALSE
REB,392,,Glenn Robinson,4189,FALSE
REB,393,,Josh Hart,4188,FALSE
REB,394,,Mel Hutchins,4186,FALSE
REB,395,,Reggie Miller,4182,FALSE
REB,396,,Roy Hibbert,4173,FALSE
REB,397,,Robert Reid,4168,FALSE
REB,398,,George Mikan,4167,FALSE
REB,399,,John Collins,4161,FALSE
REB,400,,Steve Mix,4159,FALSE
REB,401,,Jim Jackson,4152,FALSE
REB,402,,Greg Ostertag,4145,FALSE
REB,403,,Rasho Nesterovic,4143,FALSE
REB,404,,Ken Sears,4142,FALSE
REB,405,,Lonnie Shelton,4136,FALSE
REB,406,,Sidney Green,4128,FALSE
REB,407,,Rod Strickland,4084,FALSE
REB,408,,Shane Battier,4082,FALSE
REB,409,,Calvin Natt,4070,FALSE
REB,410,,Alvin Robertson,4066,FALSE
REB,411,,Zaid Abdul-Aziz,4065,FALSE
REB,412,,Nick Anderson,4064,FALSE
REB,413,,James Posey,4061,FALSE
REB,414,,John Stockton,4051,FALSE
REB,415,,Marvin Webster,4044,FALSE
REB,416,,Kristaps Porziņģis,4040,FALSE
REB,417,,Chris Mullin,4034,FALSE
REB,418,,LaPhonso Ellis,4032,FALSE
REB,419,,Kevin Kunnert,4031,FALSE
REB,420,,Corey Maggette,4022,FALSE
REB,421,,Billy Owens,4016,FALSE
REB,422,,Ralph Sampson,4011,FALSE
REB,423,,Kendall Gill,4002,FALSE
REB,424,,Channing Frye,4002,FALSE
REB,425,,Joe Kleine,3991,FALSE
REB,426,,Popeye Jones,3981,FALSE
REB,427,,Hedo Turkoglu,3971,FALSE
REB,428,,Connie Hawkins,3971,FALSE
REB,429,,John Block,3965,FALSE
REB,430,,Ed Pinckney,3952,FALSE
REB,431,,Ken Norman,3949,FALSE
REB,432,,Kevin Duckworth,3945,FALSE
REB,433,,Tom Van Arsdale,3942,FALSE
REB,434,,Larry Kenon,3942,FALSE
REB,435,,Khris Middleton,3927,FALSE
REB,436,,Lou Hudson,3926,FALSE
REB,437,,Will Perdue,3918,FALSE
REB,438,,Keith Van Horn,3909,FALSE
REB,439,,George Lynch,3902,FALSE
REB,440,,Spencer Hawes,3893,FALSE
REB,441,,Dave Gambee,3891,FALSE
REB,442,,Kenneth Faried,3884,FALSE
REB,443,,Rodney Rogers,3881,FALSE
REB,444,,Kent Benson,3881,FALSE
REB,445,,Jason Thompson,3880,FALSE
REB,446,,Terry Porter,3872,FALSE
REB,447,,Toby Kimball,3870,FALSE
REB,448,,Eddie Jones,3857,FALSE
REB,449,,Jon Koncak,3856,FALSE
REB,450,,Markieff Morris,3847,FALSE
REB,451,,Damian Lillard,3845,FALSE
REB,452,,Sam Bowie,3845,FALSE
REB,453,,Pat Cummings,3825,FALSE
REB,454,,Dick Van Arsdale,3807,FALSE
REB,455,,Mitch Richmond,3801,FALSE
REB,456,,Guy Rodgers,3791,FALSE
REB,457,,Peja Stojakovic,3782,FALSE
REB,458,,Joe Meriweather,3764,FALSE
REB,459,,Andrew Wiggins,3749,FALSE
REB,460,,Jerome Williams,3743,FALSE
REB,461,,Chris Gatling,3741,FALSE
REB,462,,Wendell Carter Jr.,3736,FALSE
REB,463,,Ben Poquette,3731,FALSE
REB,464,,Kyle Kuzma,3725,FALSE
REB,465,,Latrell Sprewell,3724,FALSE
REB,466,,Sam Mitchell,3711,FALSE
REB,467,,Gordon Hayward,3698,FALSE
REB,468,,Manu Ginobili,3697,FALSE
REB,469,,Jaylen Brown,3697,FALSE
REB,470,,Orlando Woolridge,3696,FALSE
REB,471,,Marcus Morris Sr.,3690,FALSE
REB,472,,Bob Kauffman,3682,FALSE
REB,473,,Terry Mills,3680,FALSE
REB,474,,Quentin Richardson,3666,FALSE
REB,475,,Joel Przybilla,3665,FALSE
REB,476,,Mookie Blaylock,3659,FALSE
REB,477,,Jeff Hornacek,3646,FALSE
REB,478,,Terry Dischinger,3646,FALSE
REB,479,,Kyle Korver,3643,FALSE
REB,480,,Steve Nash,3642,FALSE
REB,481,,JJ Hickson,3639,FALSE
REB,482,,Harvey Catchings,3639,FALSE
REB,483,,Andris Biedrins,3631,FALSE
REB,484,,Bingo Smith,3630,FALSE
REB,485,,Purvis Short,3625,FALSE
REB,486,,Alex Len,3624,FALSE
REB,487,,Danilo Gallinari,3618,FALSE
REB,488,,Woody Sauldsberry,3618,FALSE
REB,489,,Earl Lloyd,3609,FALSE
REB,490,,George Gervin,3607,FALSE
REB,491,,Randy Smith,3597,FALSE
REB,492,,Norm Van Lier,3596,FALSE
REB,493,,Jayson Williams,3584,FALSE
REB,494,,Sidney Moncrief,3575,FALSE
REB,495,,Wilson Chandler,3574,FALSE
REB,496,,Toni Kukoc,3555,FALSE
REB,497,,Hersey Hawkins,3554,FALSE
REB,498,,Billy Paultz,3553,FALSE
REB,499,,John Tresvant,3546,FALSE
REB,500,,Chris Morris,3544,FALSE
AST,1,,John Stockton,15806,FALSE
AST,2,,Chris Paul,12552,FALSE
AST,3,,Jason Kidd,12091,FALSE
AST,4,,LeBron James,11998,FALSE
AST,5,,Russell Westbrook,10351,FALSE
AST,6,,Steve Nash,10335,FALSE
AST,7,,Mark Jackson,10334,FALSE
AST,8,,Magic Johnson,10141,FALSE
AST,9,,Oscar Robertson,9887,FALSE
AST,10,,Isiah Thomas,9061,FALSE
AST,11,,Gary Payton,8966,FALSE
AST,12,,James Harden,8868,FALSE
AST,13,,Andre Miller,8524,FALSE
AST,14,,Rod Strickland,7987,FALSE
AST,15,,Rajon Rondo,7584,FALSE
AST,16,,Maurice Cheeks,7392,FALSE
AST,17,,Lenny Wilkens,7211,FALSE
AST,18,,Terry Porter,7160,FALSE
AST,19,,Kyle Lowry,7110,FALSE
AST,20,,Tim Hardaway,7095,FALSE
AST,21,,Tony Parker,7036,FALSE
AST,22,,Bob Cousy,6955,FALSE
AST,23,,Guy Rodgers,6917,FALSE
AST,24,,Deron Williams,6819,FALSE
AST,25,,Mike Conley,6778,FALSE
AST,26,,Jrue Holiday,6755,FALSE
AST,27,,Stephen Curry,6735,FALSE
AST,28,,Muggsy Bogues,6726,FALSE
AST,29,,Kevin Johnson,6711,FALSE
AST,30,,Derek Harper,6577,FALSE
AST,31,,Nate Archibald,6476,FALSE
AST,32,,Stephon Marbury,6471,FALSE
AST,33,,John Lucas,6454,FALSE
AST,34,,Reggie Theus,6453,FALSE
AST,35,,Norm Nixon,6386,FALSE
AST,36,,Kobe Bryant,6306,FALSE
AST,37,,Jerry West,6238,FALSE
AST,38,,Scottie Pippen,6135,FALSE
AST,39,,Clyde Drexler,6125,FALSE
AST,40,,John Havlicek,6114,FALSE
AST,41,,Nikola Jokić,6079,FALSE
AST,42,,Damian Lillard,6069,FALSE
AST,43,,Baron Davis,6025,FALSE
AST,44,,Mookie Blaylock,5972,FALSE
AST,45,,Sam Cassell,5939,FALSE
AST,46,,Avery Johnson,5846,FALSE
AST,47,,Nick Van Exel,5777,FALSE
AST,48,,John Wall,5735,FALSE
AST,49,,Dwyane Wade,5701,FALSE
AST,50,,Larry Bird,5695,FALSE
AST,51,,Kareem Abdul-Jabbar,5660,FALSE
AST,52,,Chauncey Billups,5636,FALSE
AST,53,,Michael Jordan,5633,FALSE
AST,54,,Allen Iverson,5624,FALSE
AST,55,,Mike Bibby,5517,FALSE
AST,56,,Dennis Johnson,5499,FALSE
AST,57,,Kevin Garnett,5445,FALSE
AST,58,,Jason Terry,5415,FALSE
AST,59,,Dave Bing,5397,FALSE
AST,60,,Damon Stoudamire,5371,FALSE
AST,61,,Draymond Green,5318,FALSE
AST,62,,Kevin Porter,5314,FALSE
AST,63,,Jeff Hornacek,5281,FALSE
AST,64,,Kevin Durant,5273,FALSE
AST,65,,Karl Malone,5248,FALSE
AST,66,,Rickey Green,5221,FALSE
AST,67,,Norm Van Lier,5217,FALSE
AST,68,,Kenny Anderson,5196,FALSE
AST,69,,DeMar DeRozan,5185,FALSE
AST,70,,Sleepy Floyd,5175,FALSE
AST,71,,Ricky Rubio,5160,FALSE
AST,72,,Jose Calderon,5148,FALSE
AST,73,,Andre Iguodala,5147,FALSE
AST,74,,Raymond Felton,5096,FALSE
AST,75,,Walt Frazier,5040,FALSE
AST,76,,Joe Johnson,5001,FALSE
AST,77,,Nate McMillan,4893,FALSE
AST,78,,Doc Rivers,4889,FALSE
AST,79,,Trae Young,4868,FALSE
AST,80,,Mark Price,4863,FALSE
AST,81,,Gail Goodrich,4805,FALSE
AST,82,,Vince Carter,4714,FALSE
AST,83,,Brad Davis,4709,FALSE
AST,84,,Paul Pierce,4708,FALSE
AST,85,,Lafayette Lever,4696,FALSE
AST,86,,Wilt Chamberlain,4643,FALSE
AST,87,,Joe Dumars,4612,FALSE
AST,88,,Jason Williams,4611,FALSE
AST,89,,Gus Williams,4597,FALSE
AST,90,,Jeff Teague,4585,FALSE
AST,91,,Jamal Crawford,4541,FALSE
AST,92,,Hal Greer,4540,FALSE
AST,93,,Sherman Douglas,4536,FALSE
AST,94,,Jameer Nelson,4508,FALSE
AST,95,,Randy Smith,4487,FALSE
AST,96,,Giannis Antetokounmpo,4484,FALSE
AST,97,,Brevin Knight,4481,FALSE
AST,98,,Dennis Schröder,4434,FALSE
AST,99,,Terrell Brandon,4407,FALSE
AST,100,,Goran Dragic,4405,FALSE
AST,101,,Calvin Murphy,4402,FALSE
AST,102,,Kyrie Irving,4365,FALSE
AST,103,,Ray Allen,4361,FALSE
AST,104,,Alex English,4351,FALSE
AST,105,,Spud Webb,4342,FALSE
AST,106,,Jay Humphries,4339,FALSE
AST,107,,Vern Fleming,4293,FALSE
AST,108,,Grant Hill,4252,FALSE
AST,109,,Kirk Hinrich,4245,FALSE
AST,110,,Eric Snow,4245,FALSE
AST,111,,Luka Dončić,4230,FALSE
AST,112,,Tim Duncan,4225,FALSE
AST,113,,Charles Barkley,4215,FALSE
AST,114,,Richie Guerin,4211,FALSE
AST,115,,Michael Adams,4209,FALSE
AST,116,,Dick McGuire,4205,FALSE
AST,117,,Danny Ainge,4199,FALSE
AST,118,,Rory Sparrow,4192,FALSE
AST,119,,Pooh Richardson,4180,FALSE
AST,120,,Tracy McGrady,4161,FALSE
AST,121,,David Wesley,4159,FALSE
AST,122,,Reggie Miller,4141,FALSE
AST,123,,Bill Russell,4100,FALSE
AST,124,,Jojo White,4095,FALSE
AST,125,,Kenny Smith,4073,FALSE
AST,126,,Rick Barry,4017,FALSE
AST,127,,Alvan Adams,4012,FALSE
AST,128,,Manu Ginobili,4001,FALSE
AST,129,,Mo Williams,3990,FALSE
AST,130,,John Bagley,3980,FALSE
AST,131,,Jimmy Butler III,3957,FALSE
AST,132,,Jarrett Jack,3952,FALSE
AST,133,,Kemba Walker,3938,FALSE
AST,134,,Alvin Robertson,3929,FALSE
AST,135,,Pau Gasol,3925,FALSE
AST,136,,Brian Shaw,3918,FALSE
AST,137,,Ron Harper,3916,FALSE
AST,138,,Devin Booker,3908,FALSE
AST,139,,Micheal Ray Richardson,3899,FALSE
AST,140,,Scott Skiles,3881,FALSE
AST,141,,Walter Davis,3878,FALSE
AST,142,,Earl Watson,3871,FALSE
AST,143,,Devin Harris,3869,FALSE
AST,144,,Johnny Moore,3866,FALSE
AST,145,,Monta Ellis,3856,FALSE
AST,146,,Detlef Schrempf,3833,FALSE
AST,147,,T.J. McConnell,3829,FALSE
AST,148,,Wes Unseld,3822,FALSE
AST,149,,Derek Fisher,3804,FALSE
AST,150,,Lou Williams,3789,FALSE
AST,151,,Ray Williams,3779,FALSE
AST,152,,Derrick Rose,3770,FALSE
AST,153,,D.J. Augustin,3761,FALSE
AST,154,,Andy Phillip,3759,FALSE
AST,155,,Sam Lacey,3754,FALSE
AST,156,,Al Horford,3741,FALSE
AST,157,,Paul Pressey,3715,FALSE
AST,158,,Luke Ridnour,3713,FALSE
AST,159,,Larry Drew,3702,FALSE
AST,160,,De'Aaron Fox,3692,FALSE
AST,161,,D'Angelo Russell,3690,FALSE
AST,162,,Boris Diaw,3684,FALSE
AST,163,,Michael Cooper,3666,FALSE
AST,164,,Latrell Sprewell,3664,FALSE
AST,165,,Dirk Nowitzki,3651,FALSE
AST,166,,Elgin Baylor,3650,FALSE
AST,167,,Sedale Threatt,3613,FALSE
AST,168,,Nicolas Batum,3610,FALSE
AST,169,,Reggie Jackson,3606,FALSE
AST,170,,Earl Monroe,3594,FALSE
AST,171,,Paul Westphal,3591,FALSE
AST,172,,Pete Maravich,3563,FALSE
AST,173,,Walt Hazzard,3555,FALSE
AST,174,,Lamar Odom,3554,FALSE
AST,175,,Eric Bledsoe,3545,FALSE
AST,176,,Darren Collison,3545,FALSE
AST,177,,Vlade Divac,3541,FALSE
AST,178,,Jalen Rose,3527,FALSE
AST,179,,Chris Webber,3526,FALSE
AST,180,,Ricky Sobers,3525,FALSE
AST,181,,Anfernee Hardaway,3525,FALSE
AST,182,,Archie Clark,3498,FALSE
AST,183,,Paul George,3498,FALSE
AST,184,,Jack Sikma,3488,FALSE
AST,185,,Steve Francis,3473,FALSE
AST,186,,Chris Mullin,3450,FALSE
AST,187,,Steve Blake,3446,FALSE
AST,188,,Bradley Beal,3442,FALSE
AST,189,,Eddie Johnson,3436,FALSE
AST,190,,Carmelo Anthony,3422,FALSE
AST,191,,Mitch Richmond,3398,FALSE
AST,192,,Darrell Armstrong,3394,FALSE
AST,193,,Johnny Davis,3368,FALSE
AST,194,,Mike Newlin,3364,FALSE
AST,195,,Allen Leavell,3339,FALSE
AST,196,,Jamaal Tinsley,3330,FALSE
AST,197,,World Free,3319,FALSE
AST,198,,Ty Lawson,3316,FALSE
AST,199,,Bimbo Coles,3313,FALSE
AST,200,,CJ McCollum,3294,FALSE
AST,201,,John Johnson,3285,FALSE
AST,202,,Darrell Walker,3276,FALSE
AST,203,,J.J. Barea,3270,FALSE
AST,204,,Michael Finley,3245,FALSE
AST,205,,Jerry Stackhouse,3240,FALSE
AST,206,,Domantas Sabonis,3240,FALSE
AST,207,,Khris Middleton,3238,FALSE
AST,208,,Julius Erving,3224,FALSE
AST,209,,Charles Oakley,3217,FALSE
AST,210,,Larry Costello,3215,FALSE
AST,211,,Vinnie Johnson,3212,FALSE
AST,212,,Rafer Alston,3202,FALSE
AST,213,,Lucius Allen,3174,FALSE
AST,214,,Tyus Jones,3174,FALSE
AST,215,,Antoine Walker,3170,FALSE
AST,216,,Fred Brown,3160,FALSE
AST,217,,Slater Martin,3160,FALSE
AST,218,,Spencer Dinwiddie,3153,FALSE
AST,219,,Brandon Jennings,3151,FALSE
AST,220,,Gerald Henderson,3141,FALSE
AST,221,,Tom Henderson,3136,FALSE
AST,222,,Richard Hamilton,3125,FALSE
AST,223,,Fred VanVleet,3121,FALSE
AST,224,,Toni Kukoc,3119,FALSE
AST,225,,Quinn Buckner,3114,FALSE
AST,226,,Foots Walker,3111,FALSE
AST,227,,Julius Randle,3108,FALSE
AST,228,,Clifford Robinson,3094,FALSE
AST,229,,John Starks,3085,FALSE
AST,230,,Phil Ford,3083,FALSE
AST,231,,Darnell Valentine,3080,FALSE
AST,232,,Dolph Schayes,3072,FALSE
AST,233,,Marcus Smart,3063,FALSE
AST,234,,Dick Van Arsdale,3060,FALSE
AST,235,,Hakeem Olajuwon,3058,FALSE
AST,236,,Blake Griffin,3055,FALSE
AST,237,,Ish Smith,3044,FALSE
AST,238,,Jamal Murray,3044,FALSE
AST,239,,Elfrid Payton,3033,FALSE
AST,240,,Shaquille O'Neal,3026,FALSE
AST,241,,Jeff Mullins,3023,FALSE
AST,242,,Nikola Vučević,3020,FALSE
AST,243,,Gary Grant,3013,FALSE
AST,244,,Bob Lanier,3007,FALSE
AST,245,,Lionel Hollins,3006,FALSE
AST,246,,Johnny Dawkins,2997,FALSE
AST,247,,Greg Anthony,2997,FALSE
AST,248,,Marc Gasol,2996,FALSE
AST,249,,Doug Christie,2992,FALSE
AST,250,,Rolando Blackman,2981,FALSE
AST,251,,Anthony Mason,2963,FALSE
AST,252,,Tom Gola,2962,FALSE
AST,253,,Jalen Brunson,2950,FALSE
AST,254,,Tyrese Haliburton,2947,FALSE
AST,255,,Kendall Gill,2945,FALSE
AST,256,,Howard Komives,2941,FALSE
AST,257,,Gordon Hayward,2940,FALSE
AST,258,,Antonio Daniels,2934,FALSE
AST,259,,Bob Weiss,2931,FALSE
AST,260,,Donovan Mitchell,2928,FALSE
AST,261,,Steven Smith,2922,FALSE
AST,262,,Don Buse,2920,FALSE
AST,263,,Vernon Maxwell,2912,FALSE
AST,264,,Dave Cowens,2910,FALSE
AST,265,,Gilbert Arenas,2909,FALSE
AST,266,,K.C. Jones,2908,FALSE
AST,267,,Carl Braun,2892,FALSE
AST,268,,Brent Barry,2892,FALSE
AST,269,,Mark Aguirre,2871,FALSE
AST,270,,Bernard King,2863,FALSE
AST,271,,Hersey Hawkins,2860,FALSE
AST,272,,Beno Udrih,2858,FALSE
AST,273,,Tyreke Evans,2852,FALSE
AST,274,,Jim Jackson,2851,FALSE
AST,275,,Bob Dandridge,2846,FALSE
AST,276,,Darius Garland,2846,FALSE
AST,277,,Dana Barros,2837,FALSE
AST,278,,Hedo Turkoglu,2832,FALSE
AST,279,,Adrian Dantley,2830,FALSE
AST,280,,Eddie Jones,2812,FALSE
AST,281,,Shai Gilgeous-Alexander,2810,FALSE
AST,282,,George Hill,2807,FALSE
AST,283,,Ramon Sessions,2807,FALSE
AST,284,,Dejounte Murray,2807,FALSE
AST,285,,Kevin Loughery,2803,FALSE
AST,286,,Sidney Moncrief,2793,FALSE
AST,287,,James Worthy,2791,FALSE
AST,288,,Josh Smith,2789,FALSE
AST,289,,Dick Snyder,2767,FALSE
AST,290,,John Paxson,2758,FALSE
AST,291,,Dan Majerle,2755,FALSE
AST,292,,Ben Simmons,2754,FALSE
AST,293,,Rodney McCray,2750,FALSE
AST,294,,Howard Eisley,2748,FALSE
AST,295,,Otis Thorpe,2730,FALSE
AST,296,,Jerry Lucas,2730,FALSE
AST,297,,Dick Barnett,2729,FALSE
AST,298,,Byron Scott,2729,FALSE
AST,299,,Chris Ford,2719,FALSE
AST,300,,Gerald Wilkins,2697,FALSE
AST,301,,Charlie Scott,2696,FALSE
AST,302,,Chris Duhon,2690,FALSE
AST,303,,Zach LaVine,2684,FALSE
AST,304,,Slick Watts,2678,FALSE
AST,305,,Dominique Wilkins,2677,FALSE
AST,306,,Mickey Johnson,2677,FALSE
AST,307,,Brian Winters,2674,FALSE
AST,308,,Lester Conner,2669,FALSE
AST,309,,Mike Miller,2666,FALSE
AST,310,,Juwan Howard,2663,FALSE
AST,311,,Rick Fox,2649,FALSE
AST,312,,Chuck Person,2645,FALSE
AST,313,,Isaiah Thomas,2641,FALSE
AST,314,,Stephen Jackson,2634,FALSE
AST,315,,Chris Childs,2633,FALSE
AST,316,,Metta World Peace,2631,FALSE
AST,317,,Billy Cunningham,2625,FALSE
AST,318,,Joe Ingles,2613,FALSE
AST,319,,Gene Shue,2608,FALSE
AST,320,,Nate Thurmond,2575,FALSE
AST,321,,Horace Grant,2575,FALSE
AST,322,,Paul Silas,2572,FALSE
AST,323,,Phil Smith,2561,FALSE
AST,324,,Robert Pack,2556,FALSE
AST,325,,Bill Bridges,2553,FALSE
AST,326,,Eddie Johnson,2550,FALSE
AST,327,,Walt Bellamy,2544,FALSE
AST,328,,Charlie Ward,2539,FALSE
AST,329,,Bill Bradley,2533,FALSE
AST,330,,Jim Cleamons,2532,FALSE
AST,331,,Cory Joseph,2517,FALSE
AST,332,,Jeff McInnis,2514,FALSE
AST,333,,Eric Gordon,2511,FALSE
AST,334,,Geoff Huston,2509,FALSE
AST,335,,Lindsey Hunter,2506,FALSE
AST,336,,Marques Johnson,2502,FALSE
AST,337,,Robert Reid,2500,FALSE
AST,338,,Dave DeBusschere,2497,FALSE
AST,339,,Pascal Siakam,2497,FALSE
AST,340,,T.J. Ford,2495,FALSE
AST,341,,Vinny Del Negro,2484,FALSE
AST,342,,Alvin Attles,2483,FALSE
AST,343,,Shaun Livingston,2483,FALSE
AST,344,,Kelvin Ransey,2480,FALSE
AST,345,,B.J. Armstrong,2479,FALSE
AST,346,,Frank Johnson,2476,FALSE
AST,347,,Bob Sura,2474,FALSE
AST,348,,Derrick White,2474,FALSE
AST,349,,Brad Miller,2470,FALSE
AST,350,,Eric Murdock,2467,FALSE
AST,351,,Kawhi Leonard,2465,FALSE
AST,352,,Evan Turner,2462,FALSE
AST,353,,Craig Ehlo,2456,FALSE
AST,354,,Tobias Harris,2449,FALSE
AST,355,,Travis Best,2444,FALSE
AST,356,,David Robinson,2441,FALSE
AST,357,,Sidney Wicks,2437,FALSE
AST,358,,Lou Hudson,2432,FALSE
AST,359,,Jimmy Walker,2429,FALSE
AST,360,,Ja Morant,2428,FALSE
AST,361,,Ricky Davis,2426,FALSE
AST,362,,Winston Garland,2421,FALSE
AST,363,,Jamal Mashburn,2414,FALSE
AST,364,,Richard Jefferson,2412,FALSE
AST,365,,Mario Chalmers,2412,FALSE
AST,366,,Tayshaun Prince,2407,FALSE
AST,367,,Brandon Ingram,2406,FALSE
AST,368,,Elvin Hayes,2398,FALSE
AST,369,,Chucky Atkins,2396,FALSE
AST,370,,Larry Nance,2393,FALSE
AST,371,,Micheal Williams,2385,FALSE
AST,372,,Clem Haskins,2382,FALSE
AST,373,,Trevor Ariza,2379,FALSE
AST,374,,Paul Millsap,2378,FALSE
AST,375,,Arthur Williams,2377,FALSE
AST,376,,Bob Pettit,2369,FALSE
AST,377,,Anthony Carter,2363,FALSE
AST,378,,Robert Horry,2343,FALSE
AST,379,,Paul Seymour,2341,FALSE
AST,380,,Terry Rozier,2337,FALSE
AST,381,,Rodney Stuckey,2333,FALSE
AST,382,,Jayson Tatum,2328,FALSE
AST,383,,Jordan Clarkson,2303,FALSE
AST,384,,Jim Paxson,2300,FALSE
AST,385,,Larry Johnson,2298,FALSE
AST,386,,Larry Hughes,2290,FALSE
AST,387,,Jason Richardson,2284,FALSE
AST,388,,Tom Chambers,2283,FALSE
AST,389,,Rudy Gay,2280,FALSE
AST,390,,Jon McGlocklin,2280,FALSE
AST,391,,Anthony Johnson,2274,FALSE
AST,392,,David West,2273,FALSE
AST,393,,Bam Adebayo,2265,FALSE
AST,394,,Caris LeVert,2261,FALSE
AST,395,,Otis Birdsong,2260,FALSE
AST,396,,Henry Bibby,2259,FALSE
AST,397,,Karl-Anthony Towns,2258,FALSE
AST,398,,Derrick McKey,2254,FALSE
AST,399,,Bob Davies,2250,FALSE
AST,400,,Darwin Cook,2248,FALSE
AST,401,,Patrick Beverley,2245,FALSE
AST,402,,Don Ohl,2243,FALSE
AST,403,,Cliff Hagan,2242,FALSE
AST,404,,Kevin Love,2239,FALSE
AST,405,,Jim Barnett,2232,FALSE
AST,406,,Dee Brown,2227,FALSE
AST,407,,Herm Gilliam,2225,FALSE
AST,408,,Christian Laettner,2224,FALSE
AST,409,,Patrick Ewing,2215,FALSE
AST,410,,George Gervin,2214,FALSE
AST,411,,LaMelo Ball,2210,FALSE
AST,412,,Sam Jones,2209,FALSE
AST,413,,Shawn Marion,2198,FALSE
AST,414,,Kyle Macy,2198,FALSE
AST,415,,Josh Giddey,2197,FALSE
AST,416,,Armond Hill,2194,FALSE
AST,417,,Terry Cummings,2190,FALSE
AST,418,,Mark Olberding,2190,FALSE
AST,419,,Butch Beard,2189,FALSE
AST,420,,Mike Dunleavy,2185,FALSE
AST,421,,Elton Brand,2184,FALSE
AST,422,,Bill Laimbeer,2184,FALSE
AST,423,,John Salmons,2183,FALSE
AST,424,,Robert Parish,2180,FALSE
AST,425,,Matt Guokas,2174,FALSE
AST,426,,Andrei Kirilenko,2169,FALSE
AST,427,,Jack George,2169,FALSE
AST,428,,Malcolm Brogdon,2156,FALSE
AST,429,,Jeff Malone,2154,FALSE
AST,430,,Cade Cunningham,2143,FALSE
AST,431,,Mychal Thompson,2141,FALSE
AST,432,,Tom Gugliotta,2140,FALSE
AST,433,,Thaddeus Young,2135,FALSE
AST,434,,Jerome Kersey,2134,FALSE
AST,435,,Chet Walker,2126,FALSE
AST,436,,Aaron McKie,2126,FALSE
AST,437,,Purvis Short,2123,FALSE
AST,438,,Fred Carter,2122,FALSE
AST,439,,Kyle Korver,2114,FALSE
AST,440,,Randy Foye,2112,FALSE
AST,441,,Shareef Abdur-Rahim,2109,FALSE
AST,442,,Willie Anderson,2105,FALSE
AST,443,,Johnny Egan,2102,FALSE
AST,444,,Bill Sharman,2101,FALSE
AST,445,,Allan Bristow,2098,FALSE
AST,446,,Glen Rice,2097,FALSE
AST,447,,Kyle Anderson,2095,FALSE
AST,448,,Rich Kelley,2092,FALSE
AST,449,,Earl Boykins,2092,FALSE
AST,450,,Kelly Tripucka,2090,FALSE
AST,451,,Nick Anderson,2087,FALSE
AST,452,,Tom Van Arsdale,2085,FALSE
AST,453,,Derek Anderson,2083,FALSE
AST,454,,Klay Thompson,2083,FALSE
AST,455,,Ed Macauley,2079,FALSE
AST,456,,Mahmoud Abdul-Rauf,2079,FALSE
AST,457,,JR Smith,2077,FALSE
AST,458,,LaMarcus Aldridge,2076,FALSE
AST,459,,Mike James,2075,FALSE
AST,460,,Junior Bridgeman,2066,FALSE
AST,461,,Anthony Davis,2065,FALSE
AST,462,,Mason Plumlee,2064,FALSE
AST,463,,Danny Manning,2063,FALSE
AST,464,,Bill Hanzlik,2058,FALSE
AST,465,,Geoff Petrie,2057,FALSE
AST,466,,Connie Hawkins,2052,FALSE
AST,467,,Jamaal Wilkes,2050,FALSE
AST,468,,Zach Randolph,2049,FALSE
AST,469,,Luol Deng,2042,FALSE
AST,470,,Jeremy Lin,2042,FALSE
AST,471,,Aaron Gordon,2035,FALSE
AST,472,,Brad Daugherty,2028,FALSE
AST,473,,Kelly Olynyk,2024,FALSE
AST,474,,Cuttino Mobley,2015,FALSE
AST,475,,Patty Mills,2010,FALSE
AST,476,,Caron Butler,2007,FALSE
AST,477,,Tom Boerwinkle,2007,FALSE
AST,478,,Johnny Kerr,2004,FALSE
AST,479,,Josh Hart,2003,FALSE
AST,480,,Rasheed Wallace,1994,FALSE
AST,481,,Keith Erickson,1991,FALSE
AST,482,,Allan Houston,1990,FALSE
AST,483,,Maurice Lucas,1987,FALSE
AST,484,,Derrick Coleman,1985,FALSE
AST,485,,George McGinnis,1985,FALSE
AST,486,,DeMarcus Cousins,1979,FALSE
AST,487,,Sam Perkins,1975,FALSE
AST,488,,Victor Oladipo,1970,FALSE
AST,489,,Andrew Toney,1965,FALSE
AST,490,,Mike Gale,1965,FALSE
AST,491,,Jerry Sichting,1962,FALSE
AST,492,,Sebastian Telfair,1960,FALSE
AST,493,,George King,1958,FALSE
AST,494,,Anthony Peeler,1956,FALSE
AST,495,,Wes Matthews,1955,FALSE
AST,496,,Bob McAdoo,1951,FALSE
AST,497,,Larry Siegfried,1950,FALSE
AST,498,,Wali Jones,1947,FALSE
AST,499,,Bobby Jackson,1945,FALSE
AST,500,,Jack McMahon,1939,FALSE
STL,1,,John Stockton,3265,FALSE
STL,2,,Chris Paul,2728,FALSE
STL,3,,Jason Kidd,2684,FALSE
STL,4,,Michael Jordan,2514,FALSE
STL,5,,Gary Payton,2445,FALSE
STL,6,,LeBron James,2410,FALSE
STL,7,,Maurice Cheeks,2310,FALSE
STL,8,,Scottie Pippen,2307,FALSE
STL,9,,Clyde Drexler,2207,FALSE
STL,10,,Hakeem Olajuwon,2162,FALSE
STL,11,,Alvin Robertson,2112,FALSE
STL,12,,Karl Malone,2085,FALSE
STL,13,,Mookie Blaylock,2075,FALSE
STL,14,,Russell Westbrook,2038,FALSE
STL,15,,Allen Iverson,1983,FALSE
STL,16,,Derek Harper,1957,FALSE
STL,17,,Kobe Bryant,1944,FALSE
STL,18,,Isiah Thomas,1861,FALSE
STL,19,,Kevin Garnett,1859,FALSE
STL,20,,James Harden,1794,FALSE
STL,21,,Andre Iguodala,1765,FALSE
STL,22,,Shawn Marion,1759,FALSE
STL,23,,Paul Pierce,1752,FALSE
STL,24,,Magic Johnson,1724,FALSE
STL,25,,Metta World Peace,1721,FALSE
STL,26,,Ron Harper,1716,FALSE
STL,27,,Lafayette Lever,1666,FALSE
STL,28,,Charles Barkley,1648,FALSE
STL,29,,Gus Williams,1638,FALSE
STL,30,,Mike Conley,1637,FALSE
STL,31,,Trevor Ariza,1628,FALSE
STL,32,,Hersey Hawkins,1622,FALSE
STL,33,,Dwyane Wade,1620,FALSE
STL,34,,Eddie Jones,1620,FALSE
STL,35,,Rod Strickland,1616,FALSE
STL,36,,Thaddeus Young,1612,FALSE
STL,37,,Mark Jackson,1608,FALSE
STL,38,,Jason Terry,1603,FALSE
STL,39,,Paul George,1600,FALSE
STL,40,,Stephen Curry,1599,FALSE
STL,41,,Terry Porter,1583,FALSE
STL,42,,Doc Rivers,1563,FALSE
STL,43,,Larry Bird,1556,FALSE
STL,44,,Doug Christie,1555,FALSE
STL,45,,Andre Miller,1546,FALSE
STL,46,,Nate McMillan,1544,FALSE
STL,47,,Jeff Hornacek,1536,FALSE
STL,48,,Vince Carter,1530,FALSE
STL,49,,Chris Mullin,1530,FALSE
STL,50,,Baron Davis,1530,FALSE
STL,51,,Jrue Holiday,1526,FALSE
STL,52,,Kendall Gill,1519,FALSE
STL,53,,Rajon Rondo,1518,FALSE
STL,54,,Julius Erving,1508,FALSE
STL,55,,Reggie Miller,1505,FALSE
STL,56,,Kyle Lowry,1501,FALSE
STL,57,,Dennis Johnson,1477,FALSE
STL,58,,Micheal Ray Richardson,1463,FALSE
STL,59,,Jimmy Butler III,1455,FALSE
STL,60,,Ray Allen,1451,FALSE
STL,61,,Jerome Kersey,1439,FALSE
STL,62,,Tim Hardaway,1428,FALSE
STL,63,,Monta Ellis,1409,FALSE
STL,64,,Randy Smith,1403,FALSE
STL,65,,Clifford Robinson,1402,FALSE
STL,66,,Manu Ginobili,1392,FALSE
STL,67,,David Robinson,1388,FALSE
STL,68,,Dominique Wilkins,1378,FALSE
STL,69,,Kawhi Leonard,1375,FALSE
STL,70,,Muggsy Bogues,1369,FALSE
STL,71,,Ben Wallace,1369,FALSE
STL,72,,Derek Fisher,1352,FALSE
STL,73,,Charles Oakley,1351,FALSE
STL,74,,Rickey Green,1348,FALSE
STL,75,,Quinn Buckner,1337,FALSE
STL,76,,Paul Millsap,1327,FALSE
STL,77,,T.R. Dunn,1316,FALSE
STL,78,,Latrell Sprewell,1294,FALSE
STL,79,,Alvan Adams,1289,FALSE
STL,80,,Vlade Divac,1288,FALSE
STL,81,,Walter Davis,1280,FALSE
STL,82,,David Wesley,1280,FALSE
STL,83,,John Lucas,1273,FALSE
STL,84,,Kenny Anderson,1258,FALSE
STL,85,,Terry Cummings,1255,FALSE
STL,86,,DeMar DeRozan,1250,FALSE
STL,87,,Grant Hill,1248,FALSE
STL,88,,Draymond Green,1243,FALSE
STL,89,,Kevin Durant,1235,FALSE
STL,90,,Rudy Gay,1231,FALSE
STL,91,,Brevin Knight,1229,FALSE
STL,92,,Tyrone Corbin,1228,FALSE
STL,93,,Ricky Rubio,1226,FALSE
STL,94,,Byron Scott,1224,FALSE
STL,95,,Carmelo Anthony,1223,FALSE
STL,96,,Robert Parish,1219,FALSE
STL,97,,Mitch Richmond,1211,FALSE
STL,98,,Dirk Nowitzki,1210,FALSE
STL,99,,Reggie Theus,1206,FALSE
STL,100,,Gerald Wallace,1200,FALSE
STL,101,,Grant Long,1199,FALSE
STL,102,,Ray Williams,1198,FALSE
STL,103,,Chris Webber,1197,FALSE
STL,104,,Dan Majerle,1194,FALSE
STL,105,,Norm Nixon,1187,FALSE
STL,106,,Shawn Kemp,1185,FALSE
STL,107,,Jamal Crawford,1179,FALSE
STL,108,,Mike Bibby,1172,FALSE
STL,109,,Andre Drummond,1169,FALSE
STL,110,,Calvin Murphy,1165,FALSE
STL,111,,Caron Butler,1163,FALSE
STL,112,,Jack Sikma,1162,FALSE
STL,113,,Kareem Abdul-Jabbar,1160,FALSE
STL,114,,Don Buse,1160,FALSE
STL,115,,Robert Horry,1158,FALSE
STL,116,,Tony Allen,1158,FALSE
STL,117,,Jay Humphries,1153,FALSE
STL,118,,Chris Ford,1152,FALSE
STL,119,,Fred Brown,1149,FALSE
STL,120,,Raymond Felton,1144,FALSE
STL,121,,Horace Grant,1143,FALSE
STL,122,,Terrell Brandon,1142,FALSE
STL,123,,Sedale Threatt,1138,FALSE
STL,124,,Patrick Ewing,1136,FALSE
STL,125,,Tracy McGrady,1136,FALSE
STL,126,,Danny Ainge,1133,FALSE
STL,127,,Darrell Armstrong,1133,FALSE
STL,128,,Anfernee Hardaway,1125,FALSE
STL,129,,Sleepy Floyd,1120,FALSE
STL,130,,Lindsey Hunter,1120,FALSE
STL,131,,Rashard Lewis,1115,FALSE
STL,132,,Nick Anderson,1114,FALSE
STL,133,,Stephen Jackson,1109,FALSE
STL,134,,Sam Perkins,1105,FALSE
STL,135,,Rick Barry,1104,FALSE
STL,136,,Kentavious Caldwell-Pope,1100,FALSE
STL,137,,Andrei Kirilenko,1097,FALSE
STL,138,,Larry Hughes,1092,FALSE
STL,139,,Rasheed Wallace,1090,FALSE
STL,140,,Darrell Walker,1090,FALSE
STL,141,,Moses Malone,1089,FALSE
STL,142,,Antoine Walker,1085,FALSE
STL,143,,Ricky Sobers,1085,FALSE
STL,144,,Lester Conner,1085,FALSE
STL,145,,Josh Smith,1083,FALSE
STL,146,,Kevin Johnson,1082,FALSE
STL,147,,Dwight Howard,1081,FALSE
STL,148,,Michael Adams,1081,FALSE
STL,149,,Buck Williams,1080,FALSE
STL,150,,Tom Gugliotta,1079,FALSE
STL,151,,Marcus Smart,1078,FALSE
STL,152,,Nicolas Batum,1075,FALSE
STL,153,,Derrick McKey,1072,FALSE
STL,154,,Joe Johnson,1071,FALSE
STL,155,,Alex English,1067,FALSE
STL,156,,Johnny Newman,1064,FALSE
STL,157,,Sam Cassell,1058,FALSE
STL,158,,Anthony Davis,1055,FALSE
STL,159,,Tony Parker,1053,FALSE
STL,160,,Lionel Hollins,1053,FALSE
STL,161,,Chauncey Billups,1051,FALSE
STL,162,,Bobby Jones,1050,FALSE
STL,163,,Michael Cage,1050,FALSE
STL,164,,Jamaal Wilkes,1049,FALSE
STL,165,,Antawn Jamison,1048,FALSE
STL,166,,John Wall,1045,FALSE
STL,167,,Darwin Cook,1044,FALSE
STL,168,,James Worthy,1041,FALSE
STL,169,,Nene,1041,FALSE
STL,170,,Nikola Jokić,1041,FALSE
STL,171,,A.C. Green,1033,FALSE
STL,172,,Michael Cooper,1033,FALSE
STL,173,,Eric Bledsoe,1028,FALSE
STL,174,,Tim Duncan,1025,FALSE
STL,175,,Mickey Johnson,1025,FALSE
STL,176,,Corey Brewer,1023,FALSE
STL,177,,Kyrie Irving,1022,FALSE
STL,178,,Stephon Marbury,1022,FALSE
STL,179,,Paul Westphal,1022,FALSE
STL,180,,Johnny Moore,1017,FALSE
STL,181,,Avery Johnson,1007,FALSE
STL,182,,John Drew,1004,FALSE
STL,183,,Danny Manning,1000,FALSE
STL,184,,Sam Lacey,999,FALSE
STL,185,,Devin Harris,998,FALSE
STL,186,,Paul Pressey,997,FALSE
STL,187,,Michael Finley,996,FALSE
STL,188,,Giannis Antetokounmpo,995,FALSE
STL,189,,Jason Richardson,995,FALSE
STL,190,,Foots Walker,992,FALSE
STL,191,,Craig Ehlo,989,FALSE
STL,192,,Shane Battier,988,FALSE
STL,193,,Dell Curry,985,FALSE
STL,194,,Vernon Maxwell,975,FALSE
STL,195,,Eric Snow,975,FALSE
STL,196,,Dale Ellis,974,FALSE
STL,197,,JR Smith,974,FALSE
STL,198,,Stacey Augmon,974,FALSE
STL,199,,Robert Reid,973,FALSE
STL,200,,Kirk Hinrich,972,FALSE
STL,201,,Marcus Camby,967,FALSE
STL,202,,Rick Fox,967,FALSE
STL,203,,Slick Watts,961,FALSE
STL,204,,Glen Rice,958,FALSE
STL,205,,Kevin Willis,958,FALSE
STL,206,,Brent Barry,955,FALSE
STL,207,,Damon Stoudamire,953,FALSE
STL,208,,Lou Williams,952,FALSE
STL,209,,Mike Woodson,952,FALSE
STL,210,,Jim Paxson,951,FALSE
STL,211,,John Starks,951,FALSE
STL,212,,Mario Chalmers,950,FALSE
STL,213,,Adrian Dantley,944,FALSE
STL,214,,Khris Middleton,944,FALSE
STL,215,,P.J. Tucker,943,FALSE
STL,216,,George Gervin,941,FALSE
STL,217,,Elton Brand,940,FALSE
STL,218,,Dudley Bradley,940,FALSE
STL,219,,Gerald Henderson,939,FALSE
STL,220,,Robert Covington,938,FALSE
STL,221,,Jeff Teague,936,FALSE
STL,222,,Thabo Sefolosha,935,FALSE
STL,223,,Jason Williams,933,FALSE
STL,224,,Darrell Griffith,931,FALSE
STL,225,,Allen Leavell,929,FALSE
STL,226,,Vern Fleming,926,FALSE
STL,227,,Wesley Matthews,925,FALSE
STL,228,,Sidney Moncrief,924,FALSE
STL,229,,Kemba Walker,923,FALSE
STL,230,,George McGinnis,923,FALSE
STL,231,,Spud Webb,922,FALSE
STL,232,,Christian Laettner,917,FALSE
STL,233,,Chris Morris,917,FALSE
STL,234,,James Posey,917,FALSE
STL,235,,John Long,912,FALSE
STL,236,,P.J. Brown,912,FALSE
STL,237,,Aaron McKie,912,FALSE
STL,238,,World Free,910,FALSE
STL,239,,Darnell Valentine,910,FALSE
STL,240,,Gerald Wilkins,907,FALSE
STL,241,,T.J. McConnell,905,FALSE
STL,242,,Joe Dumars,902,FALSE
STL,243,,Steve Nash,899,FALSE
STL,244,,Al Horford,896,FALSE
STL,245,,Kenyon Martin,893,FALSE
STL,246,,Marques Johnson,888,FALSE
STL,247,,Greg Anthony,887,FALSE
STL,248,,Tom Chambers,885,FALSE
STL,249,,Bradley Beal,885,FALSE
STL,250,,Gilbert Arenas,884,FALSE
STL,251,,Steve Mix,884,FALSE
STL,252,,Luol Deng,880,FALSE
STL,253,,Clar. Weatherspoon,880,FALSE
STL,254,,Purvis Short,878,FALSE
STL,255,,Cuttino Mobley,878,FALSE
STL,256,,Greg Ballard,877,FALSE
STL,257,,Goran Dragic,876,FALSE
STL,258,,Damian Lillard,874,FALSE
STL,259,,DeMarcus Cousins,874,FALSE
STL,260,,Bryon Russell,874,FALSE
STL,261,,Earl Watson,873,FALSE
STL,262,,Larry Nance,872,FALSE
STL,263,,Jerry Stackhouse,869,FALSE
STL,264,,Ron Lee,869,FALSE
STL,265,,Rodney Rogers,868,FALSE
STL,266,,Deron Williams,867,FALSE
STL,267,,Bernard King,866,FALSE
STL,268,,Elvin Hayes,864,FALSE
STL,269,,Mark Price,860,FALSE
STL,270,,Nikola Vučević,860,FALSE
STL,271,,Al Harrington,858,FALSE
STL,272,,Otis Birdsong,858,FALSE
STL,273,,Detlef Schrempf,856,FALSE
STL,274,,Bo Outlaw,855,FALSE
STL,275,,Danny Green,853,FALSE
STL,276,,Vinnie Johnson,852,FALSE
STL,277,,Lamar Odom,848,FALSE
STL,278,,Scott Wedman,846,FALSE
STL,279,,Steve Francis,846,FALSE
STL,280,,Larry Steele,846,FALSE
STL,281,,De'Aaron Fox,845,FALSE
STL,282,,Donovan Mitchell,844,FALSE
STL,283,,Otis Thorpe,840,FALSE
STL,284,,Mike Gale,840,FALSE
STL,285,,Zach Randolph,834,FALSE
STL,286,,Kevin Porter,830,FALSE
STL,287,,Eric Murdock,830,FALSE
STL,288,,Rory Sparrow,828,FALSE
STL,289,,Glenn Robinson,826,FALSE
STL,290,,Kevin Edwards,825,FALSE
STL,291,,Marvin Williams,824,FALSE
STL,292,,Tobias Harris,824,FALSE
STL,293,,Darren Collison,821,FALSE
STL,294,,Gary Grant,821,FALSE
STL,295,,Shareef Abdur-Rahim,820,FALSE
STL,296,,Juwan Howard,818,FALSE
STL,297,,Toni Kukoc,817,FALSE
STL,298,,Pooh Richardson,817,FALSE
STL,299,,George Lynch,817,FALSE
STL,300,,Andrew Wiggins,816,FALSE
STL,301,,Luke Ridnour,814,FALSE
STL,302,,Rafer Alston,813,FALSE
STL,303,,M.L. Carr,812,FALSE
STL,304,,Kerry Kittles,811,FALSE
STL,305,,Courtney Lee,809,FALSE
STL,306,,Gordon Hayward,808,FALSE
STL,307,,George Hill,806,FALSE
STL,308,,Victor Oladipo,805,FALSE
STL,309,,Kyle Korver,804,FALSE
STL,310,,Reggie Williams,802,FALSE
STL,311,,Terry Tyler,801,FALSE
STL,312,,Dee Brown,800,FALSE
STL,313,,Marc Gasol,792,FALSE
STL,314,,Brian Winters,792,FALSE
STL,315,,Xavier McDaniel,791,FALSE
STL,316,,Larry Drew,791,FALSE
STL,317,,Donyell Marshall,790,FALSE
STL,318,,Jae Crowder,789,FALSE
STL,319,,Richard Jefferson,787,FALSE
STL,320,,Sherman Douglas,785,FALSE
STL,321,,Garfield Heard,784,FALSE
STL,322,,Antonio McDyess,782,FALSE
STL,323,,Eric Gordon,780,FALSE
STL,324,,Bob Lanier,777,FALSE
STL,325,,Jamaal Tinsley,776,FALSE
STL,326,,Charlie Ward,776,FALSE
STL,327,,Anthony Peeler,775,FALSE
STL,328,,Jameer Nelson,772,FALSE
STL,329,,Bonzi Wells,769,FALSE
STL,330,,Ricky Pierce,768,FALSE
STL,331,,Zaza Pachulia,768,FALSE
STL,332,,Norm Van Lier,767,FALSE
STL,333,,Eddie Jordan,766,FALSE
STL,334,,CJ McCollum,766,FALSE
STL,335,,Carlos Boozer,765,FALSE
STL,336,,David West,764,FALSE
STL,337,,Dejounte Murray,764,FALSE
STL,338,,Eddie Johnson,761,FALSE
STL,339,,Kurt Rambis,761,FALSE
STL,340,,Shai Gilgeous-Alexander,761,FALSE
STL,341,,Jeff Green,760,FALSE
STL,342,,Tom Henderson,760,FALSE
STL,343,,Kenny Smith,759,FALSE
STL,344,,LaMarcus Aldridge,758,FALSE
STL,345,,Klay Thompson,758,FALSE
STL,346,,Fred VanVleet,757,FALSE
STL,347,,John Salmons,756,FALSE
STL,348,,Brad Davis,756,FALSE
STL,349,,John Bagley,755,FALSE
STL,350,,Mikal Bridges,754,FALSE
STL,351,,Bob McAdoo,751,FALSE
STL,352,,Ruben Patterson,751,FALSE
STL,353,,Hedo Turkoglu,750,FALSE
STL,354,,Peja Stojakovic,747,FALSE
STL,355,,Brian Shaw,747,FALSE
STL,356,,Dennis Schröder,747,FALSE
STL,357,,Kelly Oubre Jr.,747,FALSE
STL,358,,Hot Rod Williams,746,FALSE
STL,359,,Kyle Anderson,742,FALSE
STL,360,,LaSalle Thompson,741,FALSE
STL,361,,OG Anunoby,741,FALSE
STL,362,,Dana Barros,740,FALSE
STL,363,,Shaquille O'Neal,739,FALSE
STL,364,,Eddie Johnson,739,FALSE
STL,365,,Lonnie Shelton,739,FALSE
STL,366,,Bimbo Coles,735,FALSE
STL,367,,Phil Smith,734,FALSE
STL,368,,Tyreke Evans,734,FALSE
STL,369,,Ricky Davis,732,FALSE
STL,370,,Chris Bosh,730,FALSE
STL,371,,Jalen Rose,729,FALSE
STL,372,,Blue Edwards,728,FALSE
STL,373,,Bill Hanzlik,727,FALSE
STL,374,,Steven Smith,726,FALSE
STL,375,,Jim Jackson,726,FALSE
STL,376,,Nick Van Exel,726,FALSE
STL,377,,Kris Dunn,726,FALSE
STL,378,,Kurt Thomas,724,FALSE
STL,379,,Jim Price,724,FALSE
STL,380,,Jon Barry,722,FALSE
STL,381,,Randy Brown,722,FALSE
STL,382,,Mo Williams,721,FALSE
STL,383,,Harrison Barnes,721,FALSE
STL,384,,Nate Archibald,719,FALSE
STL,385,,Mike Dunleavy,719,FALSE
STL,386,,Micheal Williams,717,FALSE
STL,387,,Jose Calderon,716,FALSE
STL,388,,Rolando Blackman,715,FALSE
STL,389,,Richard Hamilton,714,FALSE
STL,390,,Matt Barnes,714,FALSE
STL,391,,Bruce Bowen,712,FALSE
STL,392,,Bill Laimbeer,710,FALSE
STL,393,,Jared Dudley,710,FALSE
STL,394,,Patrick Beverley,708,FALSE
STL,395,,Bobby Jackson,704,FALSE
STL,396,,Tyus Jones,704,FALSE
STL,397,,Mike Newlin,702,FALSE
STL,398,,Elden Campbell,702,FALSE
STL,399,,Mychal Thompson,701,FALSE
STL,400,,Larry Smith,699,FALSE
STL,401,,Dan Issel,698,FALSE
STL,402,,Rich Kelley,694,FALSE
STL,403,,Gary Harris,694,FALSE
STL,404,,Leandro Barbosa,693,FALSE
STL,405,,Dale Davis,691,FALSE
STL,406,,Derek Anderson,691,FALSE
STL,407,,Bam Adebayo,689,FALSE
STL,408,,Mark Aguirre,687,FALSE
STL,409,,Joe Barry Carroll,687,FALSE
STL,410,,Jojo White,686,FALSE
STL,411,,Junior Bridgeman,685,FALSE
STL,412,,Lamond Murray,684,FALSE
STL,413,,Chuck Person,683,FALSE
STL,414,,Johnny Davis,683,FALSE
STL,415,,Jarrett Jack,683,FALSE
STL,416,,Jaylen Brown,683,FALSE
STL,417,,Phil Chenier,682,FALSE
STL,418,,Walt Frazier,681,FALSE
STL,419,,Greg Monroe,680,FALSE
STL,420,,Brandon Jennings,679,FALSE
STL,421,,Trent Tucker,679,FALSE
STL,422,,Kelly Tripucka,678,FALSE
STL,423,,D'Angelo Russell,678,FALSE
STL,424,,Al-Farouq Aminu,678,FALSE
STL,425,,Brook Lopez,678,FALSE
STL,426,,Armen Gilliam,676,FALSE
STL,427,,Larry Kenon,675,FALSE
STL,428,,Winston Garland,674,FALSE
STL,429,,Cedric Maxwell,671,FALSE
STL,430,,Mario Elie,671,FALSE
STL,431,,Bob Wilkerson,671,FALSE
STL,432,,Steven Adams,668,FALSE
STL,433,,Dan Roundfield,664,FALSE
STL,434,,Bob Dandridge,661,FALSE
STL,435,,Travis Best,661,FALSE
STL,436,,Luka Dončić,661,FALSE
STL,437,,Jayson Tatum,661,FALSE
STL,438,,Calbert Cheaney,659,FALSE
STL,439,,Walt Williams,658,FALSE
STL,440,,Kent Bazemore,658,FALSE
STL,441,,Cliff T. Robinson,655,FALSE
STL,442,,Avery Bradley,655,FALSE
STL,443,,Delon Wright,655,FALSE
STL,444,,Buddy Hield,652,FALSE
STL,445,,Anthony Mason,648,FALSE
STL,446,,Boris Diaw,648,FALSE
STL,447,,Kelly Olynyk,647,FALSE
STL,448,,Frank Brickowski,644,FALSE
STL,449,,Kevin Martin,643,FALSE
STL,450,,Jordan Clarkson,642,FALSE
STL,451,,Larry Nance Jr.,642,FALSE
STL,452,,Bob Sura,641,FALSE
STL,453,,Maurice Lucas,639,FALSE
STL,454,,Brad Miller,639,FALSE
STL,455,,Morris Peterson,639,FALSE
STL,456,,Pascal Siakam,638,FALSE
STL,457,,Amar'e Stoudemire,636,FALSE
STL,458,,Ty Lawson,636,FALSE
STL,459,,Rudy Gobert,634,FALSE
STL,460,,Rick Mahorn,633,FALSE
STL,461,,Jamal Mashburn,632,FALSE
STL,462,,Kyle Macy,631,FALSE
STL,463,,Tyson Chandler,630,FALSE
STL,464,,Mike Bantom,630,FALSE
STL,465,,Joe Ingles,630,FALSE
STL,466,,Alex Caruso,629,FALSE
STL,467,,Al Jefferson,628,FALSE
STL,468,,Wes Unseld,628,FALSE
STL,469,,Devin Booker,628,FALSE
STL,470,,Josh Hart,628,FALSE
STL,471,,Billy Knight,627,FALSE
STL,472,,Blake Griffin,626,FALSE
STL,473,,Cory Joseph,626,FALSE
STL,474,,David Lee,625,FALSE
STL,475,,Ronnie Brewer,622,FALSE
STL,476,,Johnny Dawkins,618,FALSE
STL,477,,Jerome Williams,618,FALSE
STL,478,,Evan Fournier,615,FALSE
STL,479,,Bob Gross,615,FALSE
STL,480,,Terry Rozier,614,FALSE
STL,481,,Tyrone Hill,614,FALSE
STL,482,,Justin Holiday,614,FALSE
STL,483,,Garrett Temple,613,FALSE
STL,484,,Ed Pinckney,612,FALSE
STL,485,,Elfrid Payton,612,FALSE
STL,486,,Luc Mbah a Moute,612,FALSE
STL,487,,Dennis Rodman,611,FALSE
STL,488,,Sonny Parker,611,FALSE
STL,489,,Tim Thomas,609,FALSE
STL,490,,Charlie Scott,608,FALSE
STL,491,,Jamal Murray,608,FALSE
STL,492,,Quentin Richardson,607,FALSE
STL,493,,Pau Gasol,606,FALSE
STL,494,,Derrick Coleman,606,FALSE
STL,495,,Joe Smith,606,FALSE
STL,496,,Brian Taylor,606,FALSE
STL,497,,Mason Plumlee,606,FALSE
STL,498,,Herb Williams,605,FALSE
STL,499,,Kent Benson,605,FALSE
STL,500,,Robert Pack,605,FALSE
BLK,1,,Hakeem Olajuwon,3830,FALSE
BLK,2,,Dikembe Mutombo,3289,FALSE
BLK,3,,Kareem Abdul-Jabbar,3189,FALSE
BLK,4,,Mark Eaton,3064,FALSE
BLK,5,,Tim Duncan,3020,FALSE
BLK,6,,David Robinson,2954,FALSE
BLK,7,,Patrick Ewing,2894,FALSE
BLK,8,,Shaquille O'Neal,2732,FALSE
BLK,9,,Tree Rollins,2542,FALSE
BLK,10,,Robert Parish,2361,FALSE
BLK,11,,Alonzo Mourning,2356,FALSE
BLK,12,,Marcus Camby,2331,FALSE
BLK,13,,Dwight Howard,2228,FALSE
BLK,14,,Brook Lopez,2147,FALSE
BLK,15,,Ben Wallace,2137,FALSE
BLK,16,,Shawn Bradley,2119,FALSE
BLK,17,,Manute Bol,2086,FALSE
BLK,18,,George Johnson,2082,FALSE
BLK,19,,Kevin Garnett,2037,FALSE
BLK,20,,Larry Nance,2027,FALSE
BLK,21,,Theo Ratliff,1968,FALSE
BLK,22,,Pau Gasol,1941,FALSE
BLK,23,,Anthony Davis,1848,FALSE
BLK,24,,Rudy Gobert,1842,FALSE
BLK,25,,Elton Brand,1828,FALSE
BLK,26,,Jermaine O'Neal,1820,FALSE
BLK,27,,Elvin Hayes,1771,FALSE
BLK,28,,Serge Ibaka,1759,FALSE
BLK,29,,Artis Gilmore,1747,FALSE
BLK,30,,Moses Malone,1733,FALSE
BLK,31,,Josh Smith,1713,FALSE
BLK,32,,Kevin McHale,1690,FALSE
BLK,33,,Vlade Divac,1631,FALSE
BLK,34,,Herb Williams,1605,FALSE
BLK,35,,Elden Campbell,1602,FALSE
BLK,36,,Benoit Benjamin,1581,FALSE
BLK,37,,DeAndre Jordan,1577,FALSE
BLK,38,,Samuel Dalembert,1546,FALSE
BLK,39,,Wayne Cooper,1535,FALSE
BLK,40,,Myles Turner,1522,FALSE
BLK,41,,Caldwell Jones,1517,FALSE
BLK,42,,Alton Lister,1473,FALSE
BLK,43,,Andrei Kirilenko,1461,FALSE
BLK,44,,Rasheed Wallace,1460,FALSE
BLK,45,,Hot Rod Williams,1456,FALSE
BLK,46,,Mark West,1403,FALSE
BLK,47,,Erick Dampier,1398,FALSE
BLK,48,,Clifford Robinson,1390,FALSE
BLK,49,,Al Horford,1350,FALSE
BLK,50,,Terry Tyler,1342,FALSE
BLK,51,,Kevin Durant,1342,FALSE
BLK,52,,Tyson Chandler,1335,FALSE
BLK,53,,Zydrunas Ilgauskas,1327,FALSE
BLK,54,,Julius Erving,1293,FALSE
BLK,55,,Greg Ostertag,1293,FALSE
BLK,56,,Dirk Nowitzki,1281,FALSE
BLK,57,,Shawn Kemp,1279,FALSE
BLK,58,,Dale Davis,1270,FALSE
BLK,59,,James Donaldson,1267,FALSE
BLK,60,,JaVale McGee,1258,FALSE
BLK,61,,Marc Gasol,1254,FALSE
BLK,62,,Shawn Marion,1233,FALSE
BLK,63,,Harvey Catchings,1226,FALSE
BLK,64,,Chris Webber,1200,FALSE
BLK,65,,Andre Drummond,1196,FALSE
BLK,66,,Bo Outlaw,1193,FALSE
BLK,67,,Adonal Foyle,1193,FALSE
BLK,68,,LaMarcus Aldridge,1187,FALSE
BLK,69,,LeBron James,1185,FALSE
BLK,70,,Elmore Smith,1183,FALSE
BLK,71,,Sam Lacey,1160,FALSE
BLK,72,,Bob McAdoo,1147,FALSE
BLK,73,,Roy Hibbert,1146,FALSE
BLK,74,,Karl Malone,1145,FALSE
BLK,75,,Hassan Whiteside,1143,FALSE
BLK,76,,Horace Grant,1136,FALSE
BLK,77,,Charles Jones,1134,FALSE
BLK,78,,Joe Barry Carroll,1122,FALSE
BLK,79,,Dan Roundfield,1117,FALSE
BLK,80,,P.J. Brown,1116,FALSE
BLK,81,,Rik Smits,1111,FALSE
BLK,82,,Brendan Haywood,1109,FALSE
BLK,83,,Antonio McDyess,1102,FALSE
BLK,84,,Bismack Biyombo,1102,FALSE
BLK,85,,Bob Lanier,1100,FALSE
BLK,86,,Buck Williams,1100,FALSE
BLK,87,,Andrew Lang,1099,FALSE
BLK,88,,Al Jefferson,1093,FALSE
BLK,89,,Andrew Bogut,1091,FALSE
BLK,90,,Giannis Antetokounmpo,1088,FALSE
BLK,91,,Ervin Johnson,1087,FALSE
BLK,92,,Thurl Bailey,1086,FALSE
BLK,93,,Mychal Thompson,1073,FALSE
BLK,94,,Amar'e Stoudemire,1054,FALSE
BLK,95,,Derrick Coleman,1051,FALSE
BLK,96,,Jack Sikma,1048,FALSE
BLK,97,,Paul Millsap,1045,FALSE
BLK,98,,Robin Lopez,1045,FALSE
BLK,99,,Robert Horry,1035,FALSE
BLK,100,,Bill Walton,1034,FALSE
BLK,101,,Chris Dudley,1027,FALSE
BLK,102,,Darryl Dawkins,1023,FALSE
BLK,103,,Clint Capela,1011,FALSE
BLK,104,,Rick Mahorn,1007,FALSE
BLK,105,,Emeka Okafor,1003,FALSE
BLK,106,,Chris Andersen,991,FALSE
BLK,107,,Mike Gminski,989,FALSE
BLK,108,,John Salley,983,FALSE
BLK,109,,Bobby Jones,982,FALSE
BLK,110,,LaSalle Thompson,972,FALSE
BLK,111,,Bill Laimbeer,965,FALSE
BLK,112,,Taj Gibson,965,FALSE
BLK,113,,Scottie Pippen,947,FALSE
BLK,114,,Kristaps Porziņģis,946,FALSE
BLK,115,,Derrick Favors,939,FALSE
BLK,116,,Rasho Nesterovic,934,FALSE
BLK,117,,Sam Perkins,933,FALSE
BLK,118,,Chris Bosh,932,FALSE
BLK,119,,Chris Kaman,931,FALSE
BLK,120,,Draymond Green,930,FALSE
BLK,121,,Antoine Carr,925,FALSE
BLK,122,,Yao Ming,920,FALSE
BLK,123,,Raef LaFrentz,919,FALSE
BLK,124,,Sam Bowie,909,FALSE
BLK,125,,Shane Battier,906,FALSE
BLK,126,,Kendrick Perkins,903,FALSE
BLK,127,,Jonas Valančiūnas,902,FALSE
BLK,128,,Michael Jordan,893,FALSE
BLK,129,,Lamar Odom,892,FALSE
BLK,130,,Antonio Davis,889,FALSE
BLK,131,,Vince Carter,888,FALSE
BLK,132,,Charles Barkley,888,FALSE
BLK,133,,Dwyane Wade,885,FALSE
BLK,134,,Marcin Gortat,885,FALSE
BLK,135,,Nikola Vučević,884,FALSE
BLK,136,,Roy Hinson,882,FALSE
BLK,137,,Joakim Noah,874,FALSE
BLK,138,,Rony Seikaly,872,FALSE
BLK,139,,Joe Smith,868,FALSE
BLK,140,,James Edwards,867,FALSE
BLK,141,,Kenyon Martin,864,FALSE
BLK,142,,David West,850,FALSE
BLK,143,,Donyell Marshall,848,FALSE
BLK,144,,Dave Corzine,848,FALSE
BLK,145,,Jaren Jackson Jr.,846,FALSE
BLK,146,,Kurt Thomas,841,FALSE
BLK,147,,Dan Schayes,840,FALSE
BLK,148,,Amir Johnson,839,FALSE
BLK,149,,Joel Przybilla,836,FALSE
BLK,150,,Alex English,833,FALSE
BLK,151,,Marvin Webster,828,FALSE
BLK,152,,Karl-Anthony Towns,811,FALSE
BLK,153,,Joe Meriweather,810,FALSE
BLK,154,,Alvan Adams,808,FALSE
BLK,155,,Tracy McGrady,807,FALSE
BLK,156,,Jerome Kersey,799,FALSE
BLK,157,,Rudy Gay,798,FALSE
BLK,158,,Vin Baker,798,FALSE
BLK,159,,Clar. Weatherspoon,794,FALSE
BLK,160,,Ben Poquette,794,FALSE
BLK,161,,Jon Koncak,791,FALSE
BLK,162,,Charles Smith,789,FALSE
BLK,163,,Jakob Poeltl,788,FALSE
BLK,164,,Jerami Grant,784,FALSE
BLK,165,,Joel Embiid,784,FALSE
BLK,166,,Garfield Heard,780,FALSE
BLK,167,,Duane Causwell,767,FALSE
BLK,168,,Oliver Miller,758,FALSE
BLK,169,,Larry Bird,755,FALSE
BLK,170,,Danny Manning,752,FALSE
BLK,171,,Ralph Sampson,752,FALSE
BLK,172,,Pervis Ellison,752,FALSE
BLK,173,,Kevin Willis,751,FALSE
BLK,174,,Randy Breuer,750,FALSE
BLK,175,,Jarrett Allen,750,FALSE
BLK,176,,Rich Kelley,749,FALSE
BLK,177,,Paul Pierce,745,FALSE
BLK,178,,DeMarcus Cousins,742,FALSE
BLK,179,,David Greenwood,739,FALSE
BLK,180,,Ron Harper,729,FALSE
BLK,181,,Michael Cage,725,FALSE
BLK,182,,Steven Adams,723,FALSE
BLK,183,,Nene,721,FALSE
BLK,184,,Clyde Drexler,719,FALSE
BLK,185,,Nicolas Batum,719,FALSE
BLK,186,,Clemon Johnson,715,FALSE
BLK,187,,Tony Battie,713,FALSE
BLK,188,,Billy Paultz,706,FALSE
BLK,189,,Mason Plumlee,703,FALSE
BLK,190,,Michael Olowokandi,697,FALSE
BLK,191,,Kurt Nimphius,696,FALSE
BLK,192,,Jim McIlvaine,691,FALSE
BLK,193,,Mitchell Robinson,690,FALSE
BLK,194,,Kelvin Cato,685,FALSE
BLK,195,,Stromile Swift,683,FALSE
BLK,196,,Nerlens Noel,683,FALSE
BLK,197,,James Harden,683,FALSE
BLK,198,,Gerald Wallace,681,FALSE
BLK,199,,Dennis Johnson,675,FALSE
BLK,200,,Christian Laettner,675,FALSE
BLK,201,,George Gervin,670,FALSE
BLK,202,,Jusuf Nurkić,669,FALSE
BLK,203,,Bill Cartwright,668,FALSE
BLK,204,,Andrew Bynum,657,FALSE
BLK,205,,James Johnson,655,FALSE
BLK,206,,Daniel Gafford,653,FALSE
BLK,207,,Spencer Hawes,652,FALSE
BLK,208,,Olden Polynice,651,FALSE
BLK,209,,Terry Cummings,650,FALSE
BLK,210,,Carmelo Anthony,644,FALSE
BLK,211,,Jim Chones,643,FALSE
BLK,212,,Dominique Wilkins,642,FALSE
BLK,213,,John Henson,642,FALSE
BLK,214,,Kobe Bryant,640,FALSE
BLK,215,,Nazr Mohammed,639,FALSE
BLK,216,,Shareef Abdur-Rahim,638,FALSE
BLK,217,,Clifford Ray,638,FALSE
BLK,218,,Danny Green,634,FALSE
BLK,219,,Andre Iguodala,633,FALSE
BLK,220,,Mickey Johnson,632,FALSE
BLK,221,,DeSagana Diop,630,FALSE
BLK,222,,Spencer Haywood,629,FALSE
BLK,223,,Tom Chambers,627,FALSE
BLK,224,,Victor Wembanyama,625,FALSE
BLK,225,,James Worthy,624,FALSE
BLK,226,,Kevin Kunnert,616,FALSE
BLK,227,,Ivica Zubac,615,FALSE
BLK,228,,Alex Len,615,FALSE
BLK,229,,Darko Milicic,613,FALSE
BLK,230,,Derrick McKey,611,FALSE
BLK,231,,Nic Claxton,611,FALSE
BLK,232,,Armen Gilliam,607,FALSE
BLK,233,,Jamaal Magloire,603,FALSE
BLK,234,,Cliff Levingston,593,FALSE
BLK,235,,Ronny Turiaf,593,FALSE
BLK,236,,Jeff Green,592,FALSE
BLK,237,,Brad Miller,592,FALSE
BLK,238,,Tom Burleson,591,FALSE
BLK,239,,Greg Anderson,590,FALSE
BLK,240,,Nikola Jokić,588,FALSE
BLK,241,,Andrew Wiggins,587,FALSE
BLK,242,,Kent Benson,586,FALSE
BLK,243,,Eddie Jones,580,FALSE
BLK,244,,Andris Biedrins,580,FALSE
BLK,245,,Robert Covington,578,FALSE
BLK,246,,Marvin Williams,577,FALSE
BLK,247,,Grant Hill,576,FALSE
BLK,248,,Lorenzen Wright,572,FALSE
BLK,249,,Keon Clark,571,FALSE
BLK,250,,Orlando Woolridge,569,FALSE
BLK,251,,Ed Davis,566,FALSE
BLK,252,,Tobias Harris,565,FALSE
BLK,253,,Brian Grant,561,FALSE
BLK,254,,Lonnie Shelton,559,FALSE
BLK,255,,Nate Thurmond,553,FALSE
BLK,256,,Kermit Washington,550,FALSE
BLK,257,,Chris Mullin,549,FALSE
BLK,258,,Gorgui Dieng,549,FALSE
BLK,259,,Luc Longley,549,FALSE
BLK,260,,A.C. Green,546,FALSE
BLK,261,,Jawann Oldham,546,FALSE
BLK,262,,Derrick White,544,FALSE
BLK,263,,Rashard Lewis,541,FALSE
BLK,264,,Jrue Holiday,540,FALSE
BLK,265,,Chris Morris,540,FALSE
BLK,266,,Channing Frye,540,FALSE
BLK,267,,Aaron Williams,539,FALSE
BLK,268,,Maurice Lucas,538,FALSE
BLK,269,,Bam Adebayo,535,FALSE
BLK,270,,Felton Spencer,534,FALSE
BLK,271,,Brian Skinner,532,FALSE
BLK,272,,Dennis Rodman,531,FALSE
BLK,273,,Joel Anthony,531,FALSE
BLK,274,,Evan Mobley,531,FALSE
BLK,275,,Steve Johnson,530,FALSE
BLK,276,,John Collins,528,FALSE
BLK,277,,Will Perdue,527,FALSE
BLK,278,,Tristan Thompson,526,FALSE
BLK,279,,Marques Johnson,525,FALSE
BLK,280,,Tyrus Thomas,525,FALSE
BLK,281,,Michael Cooper,523,FALSE
BLK,282,,Metta World Peace,522,FALSE
BLK,283,,James Bailey,521,FALSE
BLK,284,,Eddie Griffin,518,FALSE
BLK,285,,Truck Robinson,510,FALSE
BLK,286,,Boris Diaw,510,FALSE
BLK,287,,Jim Brewer,510,FALSE
BLK,288,,Mark Blount,508,FALSE
BLK,289,,Kosta Koufos,506,FALSE
BLK,290,,Brad Lohaus,503,FALSE
BLK,291,,Otis Thorpe,501,FALSE
BLK,292,,Wayman Tisdale,500,FALSE
BLK,293,,Tayshaun Prince,500,FALSE
BLK,294,,Sean Rooks,499,FALSE
BLK,295,,Kawhi Leonard,498,FALSE
BLK,296,,Darius Miles,495,FALSE
BLK,297,,Arvydas Sabonis,494,FALSE
BLK,298,,Rodney McCray,493,FALSE
BLK,299,,Tom Gugliotta,492,FALSE
BLK,300,,Jason Maxiell,490,FALSE
BLK,301,,Dave Cowens,488,FALSE
BLK,302,,Blair Rasmussen,484,FALSE
BLK,303,,Danny Granger,481,FALSE
BLK,304,,Brandon Bass,479,FALSE
BLK,305,,Mike Bantom,478,FALSE
BLK,306,,LaPhonso Ellis,477,FALSE
BLK,307,,John Gianelli,476,FALSE
BLK,308,,Drew Gooden,474,FALSE
BLK,309,,Walker Kessler,474,FALSE
BLK,310,,Robert Williams III,473,FALSE
BLK,311,,Andrea Bargnani,470,FALSE
BLK,312,,Antoine Walker,469,FALSE
BLK,313,,Nick Collison,469,FALSE
BLK,314,,Kyle Anderson,467,FALSE
BLK,315,,Klay Thompson,465,FALSE
BLK,316,,Mo Bamba,463,FALSE
BLK,317,,Thaddeus Young,458,FALSE
BLK,318,,Andray Blatche,458,FALSE
BLK,319,,Larry Smith,457,FALSE
BLK,320,,Kurt Rambis,456,FALSE
BLK,321,,Edgar Jones,455,FALSE
BLK,322,,Gheorghe Muresan,455,FALSE
BLK,323,,Aaron Gordon,455,FALSE
BLK,324,,Kris Humphries,454,FALSE
BLK,325,,Mehmet Okur,453,FALSE
BLK,326,,Kyle O'Quinn,453,FALSE
BLK,327,,Rodney Rogers,451,FALSE
BLK,328,,Jason Kidd,450,FALSE
BLK,329,,Richaun Holmes,449,FALSE
BLK,330,,Dan Gadzuric,448,FALSE
BLK,331,,Deandre Ayton,446,FALSE
BLK,332,,Naz Reid,445,FALSE
BLK,333,,Luol Deng,444,FALSE
BLK,334,,Matt Barnes,444,FALSE
BLK,335,,Chris Mihm,444,FALSE
BLK,336,,Ian Mahinmi,443,FALSE
BLK,337,,P.J. Washington,442,FALSE
BLK,338,,Cliff T. Robinson,441,FALSE
BLK,339,,John Wall,439,FALSE
BLK,340,,Jerry Stackhouse,437,FALSE
BLK,341,,Ed Pinckney,435,FALSE
BLK,342,,Cedric Maxwell,433,FALSE
BLK,343,,Kendall Gill,432,FALSE
BLK,344,,Sidney Wicks,432,FALSE
BLK,345,,Ken Norman,431,FALSE
BLK,346,,Larry Sanders,429,FALSE
BLK,347,,Ekpe Udoh,429,FALSE
BLK,348,,Harvey Grant,428,FALSE
BLK,349,,Paul Pressey,428,FALSE
BLK,350,,Isaiah Stewart,427,FALSE
BLK,351,,Etan Thomas,427,FALSE
BLK,352,,Brandan Wright,425,FALSE
BLK,353,,Steven Hunter,422,FALSE
BLK,354,,Shai Gilgeous-Alexander,422,FALSE
BLK,355,,Antawn Jamison,421,FALSE
BLK,356,,Scott Williams,421,FALSE
BLK,357,,Russell Westbrook,418,FALSE
BLK,358,,Reggie Lewis,417,FALSE
BLK,359,,Paul George,417,FALSE
BLK,360,,Xavier McDaniel,416,FALSE
BLK,361,,DeMar DeRozan,416,FALSE
BLK,362,,Wilson Chandler,414,FALSE
BLK,363,,Jason Thompson,414,FALSE
BLK,364,,Tim Perry,414,FALSE
BLK,365,,Greg Kite,414,FALSE
BLK,366,,Dewayne Dedmon,409,FALSE
BLK,367,,Rasual Butler,408,FALSE
BLK,368,,Jason Smith,408,FALSE
BLK,369,,David Thompson,407,FALSE
BLK,370,,Reggie Williams,407,FALSE
BLK,371,,Anderson Varejao,407,FALSE
BLK,372,,Onyeka Okongwu,407,FALSE
BLK,373,,Walt Williams,406,FALSE
BLK,374,,Len Elmore,405,FALSE
BLK,375,,Montrezl Harrell,404,FALSE
BLK,376,,Kyle Korver,403,FALSE
BLK,377,,Robert Reid,403,FALSE
BLK,378,,Wesley Johnson,402,FALSE
BLK,379,,Mike Mitchell,400,FALSE
BLK,380,,Latrell Sprewell,399,FALSE
BLK,381,,Pascal Siakam,399,FALSE
BLK,382,,Maurice Harkless,399,FALSE
BLK,383,,Brad Daugherty,397,FALSE
BLK,384,,Dwight Jones,397,FALSE
BLK,385,,Al-Farouq Aminu,397,FALSE
BLK,386,,Dan Issel,396,FALSE
BLK,387,,Goga Bitadze,394,FALSE
BLK,388,,Doug Christie,392,FALSE
BLK,389,,Kenneth Faried,392,FALSE
BLK,390,,Chet Holmgren,392,FALSE
BLK,391,,Chris Boucher,391,FALSE
BLK,392,,Jonathan Isaac,391,FALSE
BLK,393,,Glenn Robinson,389,FALSE
BLK,394,,Francisco Garcia,388,FALSE
BLK,395,,Maxi Kleber,388,FALSE
BLK,396,,Jimmy Butler III,387,FALSE
BLK,397,,Isaiah Hartenstein,387,FALSE
BLK,398,,Jayson Tatum,387,FALSE
BLK,399,,Stanley Roberts,385,FALSE
BLK,400,,Charles Oakley,384,FALSE
BLK,401,,Eddy Curry,384,FALSE
BLK,402,,Jerome James,384,FALSE
BLK,403,,Timofey Mozgov,383,FALSE
BLK,404,,Kim Hughes,382,FALSE
BLK,405,,Travis Outlaw,381,FALSE
BLK,406,,Markieff Morris,380,FALSE
BLK,407,,Steve Stipanovich,380,FALSE
BLK,408,,Scottie Barnes,380,FALSE
BLK,409,,Tyrone Hill,379,FALSE
BLK,410,,Mikal Bridges,379,FALSE
BLK,411,,Zaza Pachulia,378,FALSE
BLK,412,,Kevin Love,377,FALSE
BLK,413,,Kwame Brown,376,FALSE
BLK,414,,Chris Gatling,375,FALSE
BLK,415,,Jaden McDaniels,375,FALSE
BLK,416,,Magic Johnson,374,FALSE
BLK,417,,Greg Monroe,373,FALSE
BLK,418,,Kelly Olynyk,373,FALSE
BLK,419,,Mike Green,372,FALSE
BLK,420,,Dean Garrett,372,FALSE
BLK,421,,Alvin Scott,371,FALSE
BLK,422,,Jason Richardson,367,FALSE
BLK,423,,Wes Unseld,367,FALSE
BLK,424,,Grant Long,366,FALSE
BLK,425,,Thabo Sefolosha,366,FALSE
BLK,426,,Nick Anderson,364,FALSE
BLK,427,,Enes Freedom,363,FALSE
BLK,428,,Jim Petersen,363,FALSE
BLK,429,,Derrick Jones Jr.,363,FALSE
BLK,430,,Luke Kornet,362,FALSE
BLK,431,,Lionel Simmons,361,FALSE
BLK,432,,Bob Gross,361,FALSE
BLK,433,,Earl Cureton,361,FALSE
BLK,434,,CJ McCollum,361,FALSE
BLK,435,,Baron Davis,360,FALSE
BLK,436,,Dan Majerle,360,FALSE
BLK,437,,Blake Griffin,359,FALSE
BLK,438,,Rod Higgins,359,FALSE
BLK,439,,Jason Collins,359,FALSE
BLK,440,,Calvin Booth,358,FALSE
BLK,441,,Marreese Speights,356,FALSE
BLK,442,,Nate McMillan,356,FALSE
BLK,443,,Trevor Ariza,355,FALSE
BLK,444,,Rick Fox,355,FALSE
BLK,445,,Bison Dele,355,FALSE
BLK,446,,Jahidi White,355,FALSE
BLK,447,,Kyle Lowry,353,FALSE
BLK,448,,Scot Pollard,352,FALSE
BLK,449,,Doc Rivers,351,FALSE
BLK,450,,Lorenzo Williams,350,FALSE
BLK,451,,Charlie Villanueva,349,FALSE
BLK,452,,Kelly Oubre Jr.,349,FALSE
BLK,453,,Mel Turpin,348,FALSE
BLK,454,,Richard Jefferson,347,FALSE
BLK,455,,Matt Geiger,347,FALSE
BLK,456,,Carlos Boozer,346,FALSE
BLK,457,,Eric Bledsoe,344,FALSE
BLK,458,,Patrick Beverley,343,FALSE
BLK,459,,Willie Anderson,342,FALSE
BLK,460,,Otto Moore,342,FALSE
BLK,461,,Bradley Beal,339,FALSE
BLK,462,,Daniel Theis,339,FALSE
BLK,463,,Omer Asik,339,FALSE
BLK,464,,Drew Eubanks,339,FALSE
BLK,465,,Kyrie Irving,337,FALSE
BLK,466,,Tony Allen,337,FALSE
BLK,467,,OG Anunoby,337,FALSE
BLK,468,,Bruce Bowen,336,FALSE
BLK,469,,Dante Cunningham,336,FALSE
BLK,470,,Willie Cauley-Stein,335,FALSE
BLK,471,,Brandon Ingram,334,FALSE
BLK,472,,Kevon Looney,332,FALSE
BLK,473,,Cody Zeller,330,FALSE
BLK,474,,David Lee,329,FALSE
BLK,475,,Roy Tarpley,329,FALSE
BLK,476,,Jan Van Breda Kolff,329,FALSE
BLK,477,,Dwight Powell,329,FALSE
BLK,478,,Kenny Gattison,327,FALSE
BLK,479,,Wendell Carter Jr.,327,FALSE
BLK,480,,Eric Gordon,326,FALSE
BLK,481,,Miles Bridges,326,FALSE
BLK,482,,Leon Douglas,325,FALSE
BLK,483,,Mike Dunleavy,324,FALSE
BLK,484,,Lloyd Neal,324,FALSE
BLK,485,,Michael Finley,323,FALSE
BLK,486,,Alvin Robertson,323,FALSE
BLK,487,,Jared Jeffries,323,FALSE
BLK,488,,Tony Massenburg,322,FALSE
BLK,489,,Gordon Hayward,321,FALSE
BLK,490,,Billy Owens,321,FALSE
BLK,491,,Manu Ginobili,319,FALSE
BLK,492,,Lamond Murray,319,FALSE
BLK,493,,Stephen Jackson,317,FALSE
BLK,494,,Stacey Augmon,317,FALSE
BLK,495,,Kevin Duckworth,316,FALSE
BLK,496,,Samaki Walker,316,FALSE
BLK,497,,John Stockton,315,FALSE
BLK,498,,Jalen Rose,315,FALSE
BLK,499,,Michael Beasley,314,FALSE
BLK,500,,Steve Hawes,314,FALSE
